;Scopy version,f4beeb1
;Exported on,samedi mai 18/05/2024
;Device,M2K
;Nr of samples,3200
;Sample rate,100000
;Tool,Oscilloscope
;Additional Information,
Sample,Time(S),CH1(V),CH2(V)
0,-0.016,-13.6469,0.200445
1,-0.01599,-13.6469,0.200445
2,-0.01598,-13.6469,0.200445
3,-0.01597,-13.6469,0.200445
4,-0.01596,-13.6469,0.200445
5,-0.01595,-13.6469,0.200445
6,-0.01594,-13.6469,0.200445
7,-0.01593,-13.6469,0.200445
8,-0.01592,-13.6469,0.200445
9,-0.01591,-13.6469,0.200445
10,-0.0159,-13.6469,0.200445
11,-0.01589,-13.6469,0.183741
12,-0.01588,-13.6469,0.233852
13,-0.01587,-13.6469,0.183741
14,-0.01586,-13.6469,0.200445
15,-0.01585,-13.6469,0.200445
16,-0.01584,-13.6469,0.200445
17,-0.01583,-13.6469,0.200445
18,-0.01582,-13.6469,0.183741
19,-0.01581,-13.6302,0.183741
20,-0.0158,-13.6302,0.233852
21,-0.01579,-13.6302,0.233852
22,-0.01578,-13.6302,0.183741
23,-0.01577,-13.6302,0.200445
24,-0.01576,-13.6302,0.200445
25,-0.01575,-13.6302,0.200445
26,-0.01574,-13.6302,0.183741
27,-0.01573,-13.6302,0.233852
28,-0.01572,-13.6302,0.183741
29,-0.01571,-13.6302,0.233852
30,-0.0157,-13.6302,0.183741
31,-0.01569,-13.6302,0.200445
32,-0.01568,-13.6302,0.183741
33,-0.01567,-13.6302,0.233852
34,-0.01566,-13.6302,0.183741
35,-0.01565,-13.6302,0.200445
36,-0.01564,-13.6302,0.200445
37,-0.01563,-13.6302,0.200445
38,-0.01562,-13.6302,0.200445
39,-0.01561,-13.6302,0.200445
40,-0.0156,-13.6302,0.200445
41,-0.01559,-13.6302,0.200445
42,-0.01558,-13.6302,0.200445
43,-0.01557,-13.6302,0.200445
44,-0.01556,-13.6302,0.200445
45,-0.01555,-13.6302,0.200445
46,-0.01554,-13.6302,0.200445
47,-0.01553,-13.6135,0.200445
48,-0.01552,-13.6135,0.200445
49,-0.01551,-13.6135,0.200445
50,-0.0155,-13.6135,0.200445
51,-0.01549,-13.6135,0.200445
52,-0.01548,-13.6135,0.200445
53,-0.01547,-13.6135,0.200445
54,-0.01546,-13.6135,0.200445
55,-0.01545,-13.6135,0.200445
56,-0.01544,-13.6135,0.200445
57,-0.01543,-13.6135,0.183741
58,-0.01542,-13.6302,0.200445
59,-0.01541,-13.5801,0.200445
60,-0.0154,-13.6135,0.200445
61,-0.01539,-13.6135,0.200445
62,-0.01538,-13.5968,0.200445
63,-0.01537,-13.5968,0.200445
64,-0.01536,-13.5968,0.200445
65,-0.01535,-13.5968,0.200445
66,-0.01534,-13.5968,0.200445
67,-0.01533,-13.5968,0.200445
68,-0.01532,-13.5968,0.200445
69,-0.01531,-13.5968,0.200445
70,-0.0153,-13.5968,0.200445
71,-0.01529,-13.5968,0.200445
72,-0.01528,-13.5968,0.200445
73,-0.01527,-13.5801,0.200445
74,-0.01526,-13.5801,0.200445
75,-0.01525,-13.5801,0.200445
76,-0.01524,-13.5801,0.183741
77,-0.01523,-13.5801,0.233852
78,-0.01522,-13.4966,0.200445
79,-0.01521,-14.3986,0.200445
80,-0.0152,0.551223,0.200445
81,-0.01519,11.4755,0.200445
82,-0.01518,11.1748,0.233852
83,-0.01517,11.1915,0.233852
84,-0.01516,11.1581,0.250556
85,-0.01515,11.108,-0.0334074
86,-0.01514,11.2416,5.87971
87,-0.01513,11.4253,13.4632
88,-0.01512,11.275,4.14252
89,-0.01511,11.2917,3.89197
90,-0.0151,11.5256,12.7616
91,-0.01509,11.4755,7.75053
92,-0.01508,11.3919,0.98552
93,-0.01507,11.6759,12.4276
94,-0.01506,11.6759,9.82179
95,-0.01505,11.5256,0.0334074
96,-0.01504,11.8429,11.7427
97,-0.01503,11.8763,11.4253
98,-0.01502,11.6592,-0.885297
99,-0.01501,11.9766,10.7405
100,-0.015,12.0601,13.1291
101,-0.01499,11.8262,-1.11915
102,-0.01498,12.0768,9.55453
103,-0.01497,12.1937,13.8808
104,-0.01496,11.9432,-0.417593
105,-0.01495,12.177,8.21823
106,-0.01494,12.3106,13.9476
107,-0.01493,12.1102,1.16926
108,-0.01492,12.2104,6.41423
109,-0.01491,12.3942,13.6469
110,-0.0149,12.2104,3.52449
111,-0.01489,12.2772,4.30956
112,-0.01488,12.461,13.1959
113,-0.01487,12.3608,6.13027
114,-0.01486,12.3273,2.27171
115,-0.01485,12.5278,12.628
116,-0.01484,12.4443,8.70264
117,-0.01483,12.3273,0.517815
118,-0.01482,12.5946,11.9933
119,-0.01481,12.5779,10.9242
120,-0.0148,12.3608,-0.734964
121,-0.01479,12.628,11.2082
122,-0.01478,12.6614,12.5946
123,-0.01477,12.4109,-1.20267
124,-0.01476,12.6614,10.1392
125,-0.01475,12.7282,13.5968
126,-0.01474,12.4443,-0.768371
127,-0.01473,12.6948,8.75275
128,-0.01472,12.7783,13.9309
129,-0.01471,12.5111,0.551223
130,-0.0147,12.6781,7.06567
131,-0.01469,12.8285,13.814
132,-0.01468,12.6113,2.58908
133,-0.01467,12.6781,5.12804
134,-0.01466,12.8452,13.3797
135,-0.01465,12.6948,5.12804
136,-0.01464,12.6447,3.05678
137,-0.01463,12.8786,12.8619
138,-0.01462,12.7616,7.70042
139,-0.01461,12.6447,1.18596
140,-0.0146,12.8953,12.2104
141,-0.01459,12.8452,10.1225
142,-0.01458,12.6447,-0.334074
143,-0.01457,12.8953,11.5089
144,-0.01456,12.8953,12.0601
145,-0.01455,12.6614,-1.13585
146,-0.01454,12.912,10.5568
147,-0.01453,12.9454,13.3296
148,-0.01452,12.6781,-1.03563
149,-0.01451,12.8953,9.28727
150,-0.0145,12.4777,13.8307
151,-0.01449,12.3942,0.551223
152,-0.01448,-15.5011,0.367482
153,-0.01447,-13.7806,0.0835186
154,-0.01446,-14.1481,0.0835186
155,-0.01445,-14.0478,0.13363
156,-0.01444,-13.9309,0.13363
157,-0.01443,-13.8474,0.13363
158,-0.01442,-13.7639,0.183741
159,-0.01441,-13.7138,0.167037
160,-0.0144,-13.6636,0.167037
161,-0.01439,-13.6636,0.200445
162,-0.01438,-13.6302,0.200445
163,-0.01437,-13.6302,0.200445
164,-0.01436,-13.6302,0.200445
165,-0.01435,-13.5968,0.200445
166,-0.01434,-13.5968,0.200445
167,-0.01433,-13.5968,0.183741
168,-0.01432,-13.5968,0.200445
169,-0.01431,-13.5968,0.200445
170,-0.0143,-13.5968,0.200445
171,-0.01429,-13.5968,0.200445
172,-0.01428,-13.5968,0.183741
173,-0.01427,-13.5968,0.233852
174,-0.01426,-13.5968,0.200445
175,-0.01425,-13.5968,0.200445
176,-0.01424,-13.5968,0.200445
177,-0.01423,-13.5968,0.200445
178,-0.01422,-13.5968,0.200445
179,-0.01421,-13.5968,0.200445
180,-0.0142,-13.5968,0.200445
181,-0.01419,-13.5968,0.183741
182,-0.01418,-13.5968,0.200445
183,-0.01417,-13.5968,0.200445
184,-0.01416,-13.5968,0.183741
185,-0.01415,-13.5968,0.200445
186,-0.01414,-13.5968,0.200445
187,-0.01413,-13.5968,0.200445
188,-0.01412,-13.5968,0.200445
189,-0.01411,-13.5968,0.200445
190,-0.0141,-13.5968,0.200445
191,-0.01409,-13.5968,0.200445
192,-0.01408,-13.5968,0.200445
193,-0.01407,-13.5968,0.200445
194,-0.01406,-13.5968,0.200445
195,-0.01405,-13.5968,0.200445
196,-0.01404,-13.5968,0.200445
197,-0.01403,-13.5968,0.200445
198,-0.01402,-13.5968,0.200445
199,-0.01401,-13.5968,0.200445
200,-0.014,-13.6135,0.200445
201,-0.01399,-13.6135,0.200445
202,-0.01398,-13.6135,0.200445
203,-0.01397,-13.6135,0.200445
204,-0.01396,-13.6135,0.200445
205,-0.01395,-13.6302,0.200445
206,-0.01394,-13.5968,0.200445
207,-0.01393,-13.6135,0.200445
208,-0.01392,-13.5968,0.200445
209,-0.01391,-13.6302,0.200445
210,-0.0139,-13.6135,0.233852
211,-0.01389,-13.6135,0.183741
212,-0.01388,-13.6135,0.200445
213,-0.01387,-13.6135,0.200445
214,-0.01386,-13.6135,0.200445
215,-0.01385,-13.6135,0.183741
216,-0.01384,-13.6135,0.233852
217,-0.01383,-13.6135,0.233852
218,-0.01382,-13.6135,0.183741
219,-0.01381,-13.5968,0.200445
220,-0.0138,-13.6135,0.200445
221,-0.01379,-13.6135,0.200445
222,-0.01378,-13.6135,0.200445
223,-0.01377,-13.6135,0.200445
224,-0.01376,-13.6135,0.200445
225,-0.01375,-13.6135,0.200445
226,-0.01374,-13.6135,0.200445
227,-0.01373,-13.6135,0.200445
228,-0.01372,-13.6135,0.200445
229,-0.01371,-13.5968,0.200445
230,-0.0137,-13.5968,0.200445
231,-0.01369,-13.6135,0.200445
232,-0.01368,-13.6135,0.200445
233,-0.01367,-13.6135,0.200445
234,-0.01366,-13.6135,0.200445
235,-0.01365,-13.6135,0.200445
236,-0.01364,-13.6135,0.200445
237,-0.01363,-13.6135,0.200445
238,-0.01362,-13.6135,0.183741
239,-0.01361,-13.6135,0.200445
240,-0.0136,-13.6135,0.200445
241,-0.01359,-13.6135,0.200445
242,-0.01358,-13.6135,0.200445
243,-0.01357,-13.6135,0.200445
244,-0.01356,-13.6135,0.200445
245,-0.01355,-13.6135,0.200445
246,-0.01354,-13.6135,0.200445
247,-0.01353,-13.6135,0.200445
248,-0.01352,-13.6135,0.200445
249,-0.01351,-13.6135,0.200445
250,-0.0135,-13.6135,0.200445
251,-0.01349,-13.6135,0.200445
252,-0.01348,-13.6135,0.200445
253,-0.01347,-13.6135,0.200445
254,-0.01346,-13.6135,0.200445
255,-0.01345,-13.6135,0.200445
256,-0.01344,-13.6135,0.200445
257,-0.01343,-13.6135,0.200445
258,-0.01342,-13.6135,0.200445
259,-0.01341,-13.6135,0.200445
260,-0.0134,-13.6135,0.200445
261,-0.01339,-13.6135,0.200445
262,-0.01338,-13.6135,0.200445
263,-0.01337,-13.6135,0.183741
264,-0.01336,-13.6135,0.200445
265,-0.01335,-13.6135,0.183741
266,-0.01334,-13.6135,0.233852
267,-0.01333,-13.6135,0.200445
268,-0.01332,-13.6135,0.200445
269,-0.01331,-13.6135,0.200445
270,-0.0133,-13.6302,0.200445
271,-0.01329,-13.6135,0.200445
272,-0.01328,-13.6135,0.200445
273,-0.01327,-13.6135,0.200445
274,-0.01326,-13.6135,0.200445
275,-0.01325,-13.6135,0.200445
276,-0.01324,-13.6135,0.200445
277,-0.01323,-13.6469,0.200445
278,-0.01322,-13.6135,0.200445
279,-0.01321,-13.6135,0.200445
280,-0.0132,-13.6135,0.200445
281,-0.01319,-13.6135,0.200445
282,-0.01318,-13.6135,0.200445
283,-0.01317,-13.6302,0.200445
284,-0.01316,-13.6302,0.183741
285,-0.01315,-13.6302,0.200445
286,-0.01314,-13.6302,0.200445
287,-0.01313,-13.6135,0.200445
288,-0.01312,-13.6302,0.200445
289,-0.01311,-13.6302,0.200445
290,-0.0131,-13.6302,0.200445
291,-0.01309,-13.6302,0.200445
292,-0.01308,-13.6302,0.200445
293,-0.01307,-13.6302,0.200445
294,-0.01306,-13.6302,0.200445
295,-0.01305,-13.6302,0.200445
296,-0.01304,-13.6135,0.200445
297,-0.01303,-13.6469,0.200445
298,-0.01302,-13.6135,0.200445
299,-0.01301,-13.6135,0.200445
300,-0.013,-13.6135,0.200445
301,-0.01299,-13.6135,0.200445
302,-0.01298,-13.6469,0.200445
303,-0.01297,-13.6302,0.200445
304,-0.01296,-13.6469,0.200445
305,-0.01295,-13.6135,0.200445
306,-0.01294,-13.6135,0.200445
307,-0.01293,-13.6135,0.183741
308,-0.01292,-13.6135,0.233852
309,-0.01291,-13.6135,0.233852
310,-0.0129,-13.6135,0.233852
311,-0.01289,-13.6302,0.233852
312,-0.01288,-13.5968,0.200445
313,-0.01287,-13.6469,0.200445
314,-0.01286,-13.6302,0.200445
315,-0.01285,-13.6302,0.200445
316,-0.01284,-13.6302,0.200445
317,-0.01283,-13.6302,0.200445
318,-0.01282,-13.6302,0.200445
319,-0.01281,-13.6302,0.200445
320,-0.0128,-13.6302,0.200445
321,-0.01279,-13.6302,0.200445
322,-0.01278,-13.6469,0.200445
323,-0.01277,-13.6135,0.200445
324,-0.01276,-13.6135,0.200445
325,-0.01275,-13.6135,0.200445
326,-0.01274,-13.5968,0.200445
327,-0.01273,-13.6302,0.200445
328,-0.01272,-13.5968,0.200445
329,-0.01271,-13.5968,0.233852
330,-0.0127,-13.6302,0.183741
331,-0.01269,-13.6135,0.200445
332,-0.01268,-13.6135,0.200445
333,-0.01267,-13.6135,0.200445
334,-0.01266,-13.6135,0.200445
335,-0.01265,-13.6135,0.200445
336,-0.01264,-13.6135,0.200445
337,-0.01263,-13.6135,0.200445
338,-0.01262,-13.6135,0.183741
339,-0.01261,-13.6135,0.200445
340,-0.0126,-13.6135,0.200445
341,-0.01259,-13.6135,0.200445
342,-0.01258,-13.6135,0.200445
343,-0.01257,-13.6135,0.200445
344,-0.01256,-13.6135,0.200445
345,-0.01255,-13.6135,0.200445
346,-0.01254,-13.6135,0.200445
347,-0.01253,-13.6135,0.200445
348,-0.01252,-13.6135,0.200445
349,-0.01251,-13.6135,0.200445
350,-0.0125,-13.6135,0.200445
351,-0.01249,-13.6135,0.200445
352,-0.01248,-13.6135,0.200445
353,-0.01247,-13.6135,0.200445
354,-0.01246,-13.6135,0.200445
355,-0.01245,-13.6135,0.200445
356,-0.01244,-13.6135,0.200445
357,-0.01243,-13.6135,0.200445
358,-0.01242,-13.6135,0.200445
359,-0.01241,-13.6135,0.200445
360,-0.0124,-13.6135,0.233852
361,-0.01239,-13.6135,0.200445
362,-0.01238,-13.6135,0.233852
363,-0.01237,-13.6135,0.183741
364,-0.01236,-13.6135,0.200445
365,-0.01235,-13.6135,0.200445
366,-0.01234,-13.6135,0.200445
367,-0.01233,-13.6135,0.200445
368,-0.01232,-13.6135,0.200445
369,-0.01231,-13.6135,0.200445
370,-0.0123,-13.6135,0.200445
371,-0.01229,-13.6135,0.200445
372,-0.01228,-13.6135,0.200445
373,-0.01227,-13.6135,0.200445
374,-0.01226,-13.6135,0.200445
375,-0.01225,-13.6135,0.200445
376,-0.01224,-13.6135,0.200445
377,-0.01223,-13.6469,0.200445
378,-0.01222,-13.6302,0.200445
379,-0.01221,-13.6135,0.200445
380,-0.0122,-13.6135,0.200445
381,-0.01219,-13.6302,0.200445
382,-0.01218,-13.6469,0.200445
383,-0.01217,-13.6302,0.200445
384,-0.01216,-13.6302,0.200445
385,-0.01215,-13.6302,0.200445
386,-0.01214,-13.6302,0.200445
387,-0.01213,-13.6302,0.200445
388,-0.01212,-13.6302,0.200445
389,-0.01211,-13.6302,0.200445
390,-0.0121,-13.6302,0.200445
391,-0.01209,-13.6302,0.200445
392,-0.01208,-13.6302,0.200445
393,-0.01207,-13.6302,0.200445
394,-0.01206,-13.6302,0.200445
395,-0.01205,-13.6302,0.200445
396,-0.01204,-13.6302,0.200445
397,-0.01203,-13.6302,0.200445
398,-0.01202,-13.6302,0.200445
399,-0.01201,-13.6302,0.200445
400,-0.012,-13.6302,0.200445
401,-0.01199,-13.6302,0.200445
402,-0.01198,-13.6302,0.200445
403,-0.01197,-13.6302,0.200445
404,-0.01196,-13.6302,0.200445
405,-0.01195,-13.6302,0.200445
406,-0.01194,-13.6302,0.200445
407,-0.01193,-13.6302,0.200445
408,-0.01192,-13.6302,0.200445
409,-0.01191,-13.6302,0.200445
410,-0.0119,-13.6302,0.200445
411,-0.01189,-13.6302,0.200445
412,-0.01188,-13.6302,0.200445
413,-0.01187,-13.6302,0.200445
414,-0.01186,-13.6302,0.200445
415,-0.01185,-13.6302,0.200445
416,-0.01184,-13.6302,0.200445
417,-0.01183,-13.6302,0.200445
418,-0.01182,-13.6302,0.200445
419,-0.01181,-13.6302,0.200445
420,-0.0118,-13.6302,0.200445
421,-0.01179,-13.6302,0.200445
422,-0.01178,-13.6302,0.183741
423,-0.01177,-13.6302,0.200445
424,-0.01176,-13.6302,0.200445
425,-0.01175,-13.6302,0.200445
426,-0.01174,-13.6302,0.200445
427,-0.01173,-13.6302,0.200445
428,-0.01172,-13.6302,0.200445
429,-0.01171,-13.6302,0.200445
430,-0.0117,-13.6302,0.200445
431,-0.01169,-13.6302,0.200445
432,-0.01168,-13.6302,0.200445
433,-0.01167,-13.6302,0.200445
434,-0.01166,-13.6302,0.200445
435,-0.01165,-13.6302,0.200445
436,-0.01164,-13.6302,0.200445
437,-0.01163,-13.6302,0.200445
438,-0.01162,-13.6302,0.200445
439,-0.01161,-13.6302,0.200445
440,-0.0116,-13.6302,0.200445
441,-0.01159,-13.6302,0.200445
442,-0.01158,-13.6302,0.200445
443,-0.01157,-13.6302,0.200445
444,-0.01156,-13.6302,0.200445
445,-0.01155,-13.6302,0.200445
446,-0.01154,-13.6302,0.200445
447,-0.01153,-13.6302,0.200445
448,-0.01152,-13.6302,0.200445
449,-0.01151,-13.6302,0.200445
450,-0.0115,-13.6302,0.200445
451,-0.01149,-13.6302,0.200445
452,-0.01148,-13.6302,0.200445
453,-0.01147,-13.6302,0.200445
454,-0.01146,-13.6302,0.200445
455,-0.01145,-13.6302,0.183741
456,-0.01144,-13.6302,0.200445
457,-0.01143,-13.6302,0.200445
458,-0.01142,-13.6302,0.200445
459,-0.01141,-13.6302,0.200445
460,-0.0114,-13.6302,0.200445
461,-0.01139,-13.6302,0.183741
462,-0.01138,-13.6302,0.200445
463,-0.01137,-13.6302,0.200445
464,-0.01136,-13.6302,0.200445
465,-0.01135,-13.6302,0.200445
466,-0.01134,-13.6302,0.200445
467,-0.01133,-13.6302,0.200445
468,-0.01132,-13.6302,0.200445
469,-0.01131,-13.6302,0.200445
470,-0.0113,-13.6302,0.200445
471,-0.01129,-13.6302,0.200445
472,-0.01128,-13.6302,0.183741
473,-0.01127,-13.6302,0.200445
474,-0.01126,-13.6302,0.200445
475,-0.01125,-13.6302,0.200445
476,-0.01124,-13.6302,0.200445
477,-0.01123,-13.6302,0.200445
478,-0.01122,-13.6302,0.200445
479,-0.01121,-13.6302,0.200445
480,-0.0112,-13.6302,0.200445
481,-0.01119,-13.6302,0.200445
482,-0.01118,-13.6302,0.200445
483,-0.01117,-13.6302,0.200445
484,-0.01116,-13.6302,0.200445
485,-0.01115,-13.6302,0.200445
486,-0.01114,-13.6302,0.200445
487,-0.01113,-13.6302,0.200445
488,-0.01112,-13.6302,0.200445
489,-0.01111,-13.6302,0.200445
490,-0.0111,-13.6302,0.200445
491,-0.01109,-13.6302,0.200445
492,-0.01108,-13.6302,0.200445
493,-0.01107,-13.6302,0.200445
494,-0.01106,-13.6302,0.200445
495,-0.01105,-13.6302,0.200445
496,-0.01104,-13.6302,0.200445
497,-0.01103,-13.6302,0.200445
498,-0.01102,-13.6302,0.200445
499,-0.01101,-13.6302,0.200445
500,-0.011,-13.6302,0.200445
501,-0.01099,-13.6302,0.200445
502,-0.01098,-13.6302,0.200445
503,-0.01097,-13.6469,0.200445
504,-0.01096,-13.6469,0.200445
505,-0.01095,-13.6302,0.200445
506,-0.01094,-13.6302,0.200445
507,-0.01093,-13.6469,0.200445
508,-0.01092,-13.6302,0.200445
509,-0.01091,-13.6302,0.183741
510,-0.0109,-13.6302,0.233852
511,-0.01089,-13.6302,0.183741
512,-0.01088,-13.6302,0.200445
513,-0.01087,-13.6302,0.200445
514,-0.01086,-13.6302,0.200445
515,-0.01085,-13.6302,0.200445
516,-0.01084,-13.6302,0.183741
517,-0.01083,-13.6302,0.233852
518,-0.01082,-13.6302,0.233852
519,-0.01081,-13.6302,0.183741
520,-0.0108,-13.6302,0.200445
521,-0.01079,-13.6302,0.183741
522,-0.01078,-13.6469,0.200445
523,-0.01077,-13.6302,0.200445
524,-0.01076,-13.6469,0.200445
525,-0.01075,-13.6302,0.200445
526,-0.01074,-13.6302,0.200445
527,-0.01073,-13.6469,0.200445
528,-0.01072,-13.6302,0.200445
529,-0.01071,-13.6469,0.200445
530,-0.0107,-13.6469,0.200445
531,-0.01069,-13.6302,0.200445
532,-0.01068,-13.6636,0.200445
533,-0.01067,-13.6135,0.200445
534,-0.01066,-13.6636,0.200445
535,-0.01065,-13.6469,0.200445
536,-0.01064,-13.6636,0.200445
537,-0.01063,-13.6302,0.200445
538,-0.01062,-13.6469,0.183741
539,-0.01061,-13.6469,0.233852
540,-0.0106,-13.6302,0.183741
541,-0.01059,-13.6636,0.200445
542,-0.01058,-13.6469,0.200445
543,-0.01057,-13.6302,0.200445
544,-0.01056,-13.6636,0.183741
545,-0.01055,-13.6469,0.200445
546,-0.01054,-13.6469,0.200445
547,-0.01053,-13.6469,0.183741
548,-0.01052,-13.6469,0.233852
549,-0.01051,-13.6469,0.183741
550,-0.0105,-13.6469,0.200445
551,-0.01049,-13.6469,0.200445
552,-0.01048,-13.6469,0.200445
553,-0.01047,-13.6636,0.200445
554,-0.01046,-13.6302,0.200445
555,-0.01045,-13.6469,0.200445
556,-0.01044,-13.6469,0.200445
557,-0.01043,-13.6469,0.183741
558,-0.01042,-13.6469,0.200445
559,-0.01041,-13.6469,0.200445
560,-0.0104,-13.6469,0.200445
561,-0.01039,-13.6469,0.200445
562,-0.01038,-13.6469,0.200445
563,-0.01037,-13.6469,0.200445
564,-0.01036,-13.6469,0.200445
565,-0.01035,-13.6469,0.200445
566,-0.01034,-13.6469,0.200445
567,-0.01033,-13.6469,0.200445
568,-0.01032,-13.6469,0.200445
569,-0.01031,-13.6469,0.200445
570,-0.0103,-13.6469,0.200445
571,-0.01029,-13.6469,0.200445
572,-0.01028,-13.6469,0.200445
573,-0.01027,-13.6469,0.200445
574,-0.01026,-13.6469,0.200445
575,-0.01025,-13.6469,0.200445
576,-0.01024,-13.6469,0.200445
577,-0.01023,-13.6469,0.200445
578,-0.01022,-13.6469,0.200445
579,-0.01021,-13.6469,0.200445
580,-0.0102,-13.6469,0.200445
581,-0.01019,-13.6469,0.200445
582,-0.01018,-13.6469,0.200445
583,-0.01017,-13.6469,0.200445
584,-0.01016,-13.6469,0.200445
585,-0.01015,-13.6469,0.200445
586,-0.01014,-13.6469,0.200445
587,-0.01013,-13.6469,0.200445
588,-0.01012,-13.6469,0.200445
589,-0.01011,-13.6469,0.200445
590,-0.0101,-13.6469,0.200445
591,-0.01009,-13.6469,0.200445
592,-0.01008,-13.6469,0.200445
593,-0.01007,-13.6469,0.200445
594,-0.01006,-13.6469,0.200445
595,-0.01005,-13.6469,0.200445
596,-0.01004,-13.6469,0.200445
597,-0.01003,-13.6469,0.200445
598,-0.01002,-13.6469,0.200445
599,-0.01001,-13.6469,0.200445
600,-0.01,-13.6469,0.200445
601,-0.00999,-13.6469,0.200445
602,-0.00998,-13.6469,0.200445
603,-0.00997,-13.6469,0.200445
604,-0.00996,-13.6469,0.200445
605,-0.00995,-13.6469,0.200445
606,-0.00994,-13.6469,0.200445
607,-0.00993,-13.6469,0.200445
608,-0.00992,-13.6469,0.200445
609,-0.00991,-13.6469,0.200445
610,-0.0099,-13.6469,0.200445
611,-0.00989,-13.6469,0.200445
612,-0.00988,-13.6469,0.200445
613,-0.00987,-13.6469,0.200445
614,-0.00986,-13.6469,0.183741
615,-0.00985,-13.6469,0.200445
616,-0.00984,-13.6469,0.200445
617,-0.00983,-13.6469,0.200445
618,-0.00982,-13.6469,0.200445
619,-0.00981,-13.6469,0.200445
620,-0.0098,-13.6469,0.200445
621,-0.00979,-13.6469,0.183741
622,-0.00978,-13.6469,0.233852
623,-0.00977,-13.6469,0.183741
624,-0.00976,-13.6469,0.200445
625,-0.00975,-13.6469,0.200445
626,-0.00974,-13.6469,0.200445
627,-0.00973,-13.6469,0.200445
628,-0.00972,-13.6469,0.200445
629,-0.00971,-13.6469,0.200445
630,-0.0097,-13.6469,0.200445
631,-0.00969,-13.6469,0.200445
632,-0.00968,-13.6469,0.183741
633,-0.00967,-13.6469,0.233852
634,-0.00966,-13.6469,0.183741
635,-0.00965,-13.6469,0.200445
636,-0.00964,-13.6469,0.200445
637,-0.00963,-13.6469,0.200445
638,-0.00962,-13.6469,0.200445
639,-0.00961,-13.6469,0.200445
640,-0.0096,-13.6469,0.200445
641,-0.00959,-13.6469,0.200445
642,-0.00958,-13.6469,0.200445
643,-0.00957,-13.6469,0.200445
644,-0.00956,-13.6469,0.200445
645,-0.00955,-13.6469,0.200445
646,-0.00954,-13.6469,0.200445
647,-0.00953,-13.6469,0.200445
648,-0.00952,-13.6469,0.200445
649,-0.00951,-13.6469,0.200445
650,-0.0095,-13.6469,0.200445
651,-0.00949,-13.6469,0.183741
652,-0.00948,-13.6469,0.233852
653,-0.00947,-13.6469,0.183741
654,-0.00946,-13.6469,0.183741
655,-0.00945,-13.6469,0.200445
656,-0.00944,-13.6469,0.233852
657,-0.00943,-13.6469,0.183741
658,-0.00942,-13.6469,0.200445
659,-0.00941,-13.6469,0.200445
660,-0.0094,-13.6469,0.200445
661,-0.00939,-13.6469,0.183741
662,-0.00938,-13.6469,0.233852
663,-0.00937,-13.6469,0.200445
664,-0.00936,-13.6469,0.200445
665,-0.00935,-13.6469,0.200445
666,-0.00934,-13.6469,0.200445
667,-0.00933,-13.6469,0.200445
668,-0.00932,-13.6469,0.200445
669,-0.00931,-13.6469,0.200445
670,-0.0093,-13.6469,0.200445
671,-0.00929,-13.6469,0.200445
672,-0.00928,-13.6469,0.200445
673,-0.00927,-13.6469,0.200445
674,-0.00926,-13.6469,0.200445
675,-0.00925,-13.6469,0.200445
676,-0.00924,-13.6469,0.200445
677,-0.00923,-13.6469,0.200445
678,-0.00922,-13.6469,0.200445
679,-0.00921,-13.6469,0.200445
680,-0.0092,-13.6469,0.200445
681,-0.00919,-13.6469,0.200445
682,-0.00918,-13.6469,0.200445
683,-0.00917,-13.6469,0.200445
684,-0.00916,-13.6469,0.200445
685,-0.00915,-13.6469,0.200445
686,-0.00914,-13.6469,0.200445
687,-0.00913,-13.6469,0.200445
688,-0.00912,-13.6469,0.183741
689,-0.00911,-13.6469,0.233852
690,-0.0091,-13.6469,0.200445
691,-0.00909,-13.6469,0.200445
692,-0.00908,-13.6469,0.200445
693,-0.00907,-13.6469,0.200445
694,-0.00906,-13.6469,0.183741
695,-0.00905,-13.6469,0.233852
696,-0.00904,-13.6469,0.200445
697,-0.00903,-13.6469,0.200445
698,-0.00902,-13.6469,0.200445
699,-0.00901,-13.6469,0.200445
700,-0.009,-13.6469,0.200445
701,-0.00899,-13.6469,0.200445
702,-0.00898,-13.6803,0.200445
703,-0.00897,-13.6636,0.200445
704,-0.00896,-13.6469,0.200445
705,-0.00895,-13.6469,0.200445
706,-0.00894,-13.6469,0.200445
707,-0.00893,-13.6469,0.200445
708,-0.00892,-13.6469,0.200445
709,-0.00891,-13.6469,0.200445
710,-0.0089,-13.6469,0.200445
711,-0.00889,-13.6469,0.200445
712,-0.00888,-13.6636,0.200445
713,-0.00887,-13.6469,0.200445
714,-0.00886,-13.6636,0.200445
715,-0.00885,-13.6803,0.200445
716,-0.00884,-13.6469,0.200445
717,-0.00883,-13.6469,0.200445
718,-0.00882,-13.6469,0.200445
719,-0.00881,-13.6636,0.200445
720,-0.0088,-13.6469,0.200445
721,-0.00879,-13.6469,0.200445
722,-0.00878,-13.6469,0.183741
723,-0.00877,-13.6803,0.200445
724,-0.00876,-13.6469,0.183741
725,-0.00875,-13.6469,0.233852
726,-0.00874,-13.6469,0.183741
727,-0.00873,-13.6469,0.200445
728,-0.00872,-13.6469,0.200445
729,-0.00871,-13.6469,0.200445
730,-0.0087,-13.6469,0.200445
731,-0.00869,-13.6469,0.200445
732,-0.00868,-13.6469,0.183741
733,-0.00867,-13.6469,0.233852
734,-0.00866,-13.6469,0.183741
735,-0.00865,-13.6469,0.200445
736,-0.00864,-13.6469,0.200445
737,-0.00863,-13.6469,0.200445
738,-0.00862,-13.6469,0.200445
739,-0.00861,-13.6469,0.183741
740,-0.0086,-13.6469,0.200445
741,-0.00859,-13.6469,0.200445
742,-0.00858,-13.6469,0.200445
743,-0.00857,-13.6469,0.200445
744,-0.00856,-13.6469,0.200445
745,-0.00855,-13.6469,0.183741
746,-0.00854,-13.6469,0.200445
747,-0.00853,-13.6636,0.200445
748,-0.00852,-13.6636,0.200445
749,-0.00851,-13.6469,0.200445
750,-0.0085,-13.6469,0.200445
751,-0.00849,-13.6803,0.200445
752,-0.00848,-13.6469,0.200445
753,-0.00847,-13.6469,0.200445
754,-0.00846,-13.6636,0.200445
755,-0.00845,-13.6636,0.200445
756,-0.00844,-13.6803,0.200445
757,-0.00843,-13.6302,0.200445
758,-0.00842,-13.6636,0.200445
759,-0.00841,-13.6636,0.200445
760,-0.0084,-13.6469,0.200445
761,-0.00839,-13.6803,0.200445
762,-0.00838,-13.6636,0.200445
763,-0.00837,-13.6636,0.200445
764,-0.00836,-13.6636,0.200445
765,-0.00835,-13.6636,0.200445
766,-0.00834,-13.6469,0.200445
767,-0.00833,-13.6636,0.200445
768,-0.00832,-13.6636,0.200445
769,-0.00831,-13.6636,0.200445
770,-0.0083,-13.6636,0.200445
771,-0.00829,-13.6636,0.200445
772,-0.00828,-13.6636,0.200445
773,-0.00827,-13.6636,0.200445
774,-0.00826,-13.6636,0.200445
775,-0.00825,-13.6636,0.200445
776,-0.00824,-13.6469,0.200445
777,-0.00823,-13.6803,0.200445
778,-0.00822,-13.6636,0.200445
779,-0.00821,-13.6636,0.200445
780,-0.0082,-13.6636,0.200445
781,-0.00819,-13.6636,0.200445
782,-0.00818,-13.6636,0.200445
783,-0.00817,-13.6636,0.200445
784,-0.00816,-13.6636,0.200445
785,-0.00815,-13.6636,0.200445
786,-0.00814,-13.6636,0.200445
787,-0.00813,-13.6636,0.200445
788,-0.00812,-13.6636,0.200445
789,-0.00811,-13.6636,0.200445
790,-0.0081,-13.6636,0.200445
791,-0.00809,-13.6636,0.200445
792,-0.00808,-13.6636,0.200445
793,-0.00807,-13.6636,0.200445
794,-0.00806,-13.6636,0.200445
795,-0.00805,-13.6636,0.200445
796,-0.00804,-13.6636,0.200445
797,-0.00803,-13.6636,0.200445
798,-0.00802,-13.6636,0.200445
799,-0.00801,-13.6636,0.200445
800,-0.008,-13.6636,0.200445
801,-0.00799,-13.6636,0.200445
802,-0.00798,-13.6636,0.200445
803,-0.00797,-13.6636,0.233852
804,-0.00796,-13.6636,0.183741
805,-0.00795,-13.6636,0.200445
806,-0.00794,-13.6636,0.200445
807,-0.00793,-13.6636,0.200445
808,-0.00792,-13.6636,0.200445
809,-0.00791,-13.6636,0.200445
810,-0.0079,-13.6636,0.200445
811,-0.00789,-13.6636,0.200445
812,-0.00788,-13.6636,0.200445
813,-0.00787,-13.6636,0.200445
814,-0.00786,-13.6636,0.200445
815,-0.00785,-13.6636,0.200445
816,-0.00784,-13.6636,0.200445
817,-0.00783,-13.6636,0.200445
818,-0.00782,-13.6636,0.200445
819,-0.00781,-13.6636,0.200445
820,-0.0078,-13.6636,0.200445
821,-0.00779,-13.6636,0.200445
822,-0.00778,-13.6636,0.200445
823,-0.00777,-13.6636,0.200445
824,-0.00776,-13.6636,0.200445
825,-0.00775,-13.6636,0.200445
826,-0.00774,-13.6636,0.200445
827,-0.00773,-13.6636,0.200445
828,-0.00772,-13.6636,0.200445
829,-0.00771,-13.6636,0.200445
830,-0.0077,-13.6636,0.200445
831,-0.00769,-13.6636,0.200445
832,-0.00768,-13.6636,0.200445
833,-0.00767,-13.6636,0.183741
834,-0.00766,-13.6636,0.200445
835,-0.00765,-13.6636,0.200445
836,-0.00764,-13.6636,0.200445
837,-0.00763,-13.6636,0.200445
838,-0.00762,-13.6636,0.200445
839,-0.00761,-13.6636,0.200445
840,-0.0076,-13.6636,0.200445
841,-0.00759,-13.6636,0.200445
842,-0.00758,-13.6636,0.183741
843,-0.00757,-13.6636,0.233852
844,-0.00756,-13.6636,0.200445
845,-0.00755,-13.6636,0.200445
846,-0.00754,-13.6636,0.200445
847,-0.00753,-13.6636,0.200445
848,-0.00752,-13.6636,0.200445
849,-0.00751,-13.6636,0.200445
850,-0.0075,-13.6636,0.200445
851,-0.00749,-13.6636,0.200445
852,-0.00748,-13.6636,0.200445
853,-0.00747,-13.6636,0.200445
854,-0.00746,-13.6636,0.200445
855,-0.00745,-13.6636,0.200445
856,-0.00744,-13.6636,0.200445
857,-0.00743,-13.6636,0.183741
858,-0.00742,-13.6636,0.233852
859,-0.00741,-13.6636,0.183741
860,-0.0074,-13.6636,0.233852
861,-0.00739,-13.6636,0.183741
862,-0.00738,-13.6636,0.200445
863,-0.00737,-13.6636,0.200445
864,-0.00736,-13.6636,0.200445
865,-0.00735,-13.6636,0.200445
866,-0.00734,-13.6636,0.200445
867,-0.00733,-13.6636,0.200445
868,-0.00732,-13.6636,0.200445
869,-0.00731,-13.6636,0.200445
870,-0.0073,-13.6803,0.200445
871,-0.00729,-13.6469,0.200445
872,-0.00728,-13.6636,0.200445
873,-0.00727,-13.6636,0.200445
874,-0.00726,-13.6636,0.200445
875,-0.00725,-13.6636,0.200445
876,-0.00724,-13.6636,0.183741
877,-0.00723,-13.6636,0.233852
878,-0.00722,-13.6636,0.200445
879,-0.00721,-13.6636,0.183741
880,-0.0072,-13.6636,0.200445
881,-0.00719,-13.6636,0.200445
882,-0.00718,-13.6636,0.200445
883,-0.00717,-13.6636,0.200445
884,-0.00716,-13.6636,0.200445
885,-0.00715,-13.6636,0.200445
886,-0.00714,-13.6636,0.200445
887,-0.00713,-13.6636,0.200445
888,-0.00712,-13.6636,0.200445
889,-0.00711,-13.6636,0.200445
890,-0.0071,-13.6636,0.200445
891,-0.00709,-13.6636,0.233852
892,-0.00708,-13.6636,0.183741
893,-0.00707,-13.6636,0.200445
894,-0.00706,-13.6636,0.200445
895,-0.00705,-13.6636,0.200445
896,-0.00704,-13.6636,0.200445
897,-0.00703,-13.6636,0.200445
898,-0.00702,-13.6636,0.183741
899,-0.00701,-13.6636,0.200445
900,-0.007,-13.6636,0.200445
901,-0.00699,-13.6636,0.200445
902,-0.00698,-13.6636,0.200445
903,-0.00697,-13.6636,0.200445
904,-0.00696,-13.6636,0.200445
905,-0.00695,-13.6636,0.183741
906,-0.00694,-13.6636,0.233852
907,-0.00693,-13.6636,0.200445
908,-0.00692,-13.6636,0.200445
909,-0.00691,-13.6636,0.200445
910,-0.0069,-13.6636,0.200445
911,-0.00689,-13.6636,0.183741
912,-0.00688,-13.6636,0.200445
913,-0.00687,-13.6636,0.200445
914,-0.00686,-13.6636,0.200445
915,-0.00685,-13.6636,0.200445
916,-0.00684,-13.6636,0.200445
917,-0.00683,-13.6636,0.200445
918,-0.00682,-13.6636,0.200445
919,-0.00681,-13.6636,0.183741
920,-0.0068,-13.6636,0.233852
921,-0.00679,-13.6636,0.200445
922,-0.00678,-13.6636,0.200445
923,-0.00677,-13.6636,0.200445
924,-0.00676,-13.6636,0.183741
925,-0.00675,-13.6636,0.233852
926,-0.00674,-13.6636,0.200445
927,-0.00673,-13.6636,0.233852
928,-0.00672,-13.6636,0.200445
929,-0.00671,-13.6636,0.233852
930,-0.0067,-13.6636,0.183741
931,-0.00669,-13.6636,0.183741
932,-0.00668,-13.6636,0.200445
933,-0.00667,-13.6636,0.200445
934,-0.00666,-13.6469,0.200445
935,-0.00665,-13.6803,0.200445
936,-0.00664,-13.6636,0.200445
937,-0.00663,-13.6636,0.200445
938,-0.00662,-13.6636,0.200445
939,-0.00661,-13.6636,0.233852
940,-0.0066,-13.6636,0.183741
941,-0.00659,-13.6636,0.200445
942,-0.00658,-13.6636,0.200445
943,-0.00657,-13.6636,0.200445
944,-0.00656,-13.6636,0.200445
945,-0.00655,-13.6636,0.200445
946,-0.00654,-13.6636,0.183741
947,-0.00653,-13.6636,0.200445
948,-0.00652,-13.6636,0.200445
949,-0.00651,-13.6636,0.183741
950,-0.0065,-13.6636,0.233852
951,-0.00649,-13.6636,0.183741
952,-0.00648,-13.6636,0.200445
953,-0.00647,-13.6636,0.200445
954,-0.00646,-13.6636,0.200445
955,-0.00645,-13.6636,0.183741
956,-0.00644,-13.6636,0.200445
957,-0.00643,-13.6636,0.200445
958,-0.00642,-13.6636,0.200445
959,-0.00641,-13.6636,0.200445
960,-0.0064,-13.6636,0.183741
961,-0.00639,-13.6636,0.200445
962,-0.00638,-13.6636,0.200445
963,-0.00637,-13.6636,0.200445
964,-0.00636,-13.6636,0.200445
965,-0.00635,-13.6636,0.200445
966,-0.00634,-13.6636,0.200445
967,-0.00633,-13.6636,0.200445
968,-0.00632,-13.6636,0.200445
969,-0.00631,-13.6636,0.200445
970,-0.0063,-13.6636,0.200445
971,-0.00629,-13.6636,0.200445
972,-0.00628,-13.6636,0.200445
973,-0.00627,-13.6636,0.200445
974,-0.00626,-13.6636,0.200445
975,-0.00625,-13.6636,0.200445
976,-0.00624,-13.6636,0.200445
977,-0.00623,-13.6636,0.200445
978,-0.00622,-13.6636,0.200445
979,-0.00621,-13.6636,0.200445
980,-0.0062,-13.6636,0.200445
981,-0.00619,-13.6636,0.200445
982,-0.00618,-13.6636,0.200445
983,-0.00617,-13.6636,0.200445
984,-0.00616,-13.6636,0.200445
985,-0.00615,-13.6636,0.200445
986,-0.00614,-13.6636,0.200445
987,-0.00613,-13.6636,0.200445
988,-0.00612,-13.6636,0.200445
989,-0.00611,-13.6636,0.200445
990,-0.0061,-13.6636,0.200445
991,-0.00609,-13.6636,0.200445
992,-0.00608,-13.6636,0.200445
993,-0.00607,-13.6636,0.200445
994,-0.00606,-13.6636,0.183741
995,-0.00605,-13.6636,0.233852
996,-0.00604,-13.6636,0.183741
997,-0.00603,-13.6636,0.200445
998,-0.00602,-13.6636,0.200445
999,-0.00601,-13.6636,0.200445
1000,-0.006,-13.6636,0.200445
1001,-0.00599,-13.6636,0.200445
1002,-0.00598,-13.6636,0.200445
1003,-0.00597,-13.6636,0.200445
1004,-0.00596,-13.6636,0.200445
1005,-0.00595,-13.6636,0.200445
1006,-0.00594,-13.6636,0.200445
1007,-0.00593,-13.6636,0.200445
1008,-0.00592,-13.6636,0.183741
1009,-0.00591,-13.6636,0.200445
1010,-0.0059,-13.6636,0.200445
1011,-0.00589,-13.6636,0.200445
1012,-0.00588,-13.6636,0.200445
1013,-0.00587,-13.6636,0.233852
1014,-0.00586,-13.6636,0.183741
1015,-0.00585,-13.6636,0.200445
1016,-0.00584,-13.6636,0.200445
1017,-0.00583,-13.6636,0.200445
1018,-0.00582,-13.6636,0.200445
1019,-0.00581,-13.6636,0.183741
1020,-0.0058,-13.6636,0.200445
1021,-0.00579,-13.6636,0.183741
1022,-0.00578,-13.6636,0.200445
1023,-0.00577,-13.6636,0.200445
1024,-0.00576,-13.6636,0.200445
1025,-0.00575,-13.6636,0.200445
1026,-0.00574,-13.6636,0.200445
1027,-0.00573,-13.6636,0.200445
1028,-0.00572,-13.6803,0.200445
1029,-0.00571,-13.6636,0.200445
1030,-0.0057,-13.6636,0.200445
1031,-0.00569,-13.6636,0.200445
1032,-0.00568,-13.6636,0.200445
1033,-0.00567,-13.6636,0.200445
1034,-0.00566,-13.6803,0.200445
1035,-0.00565,-13.6636,0.200445
1036,-0.00564,-13.6636,0.200445
1037,-0.00563,-13.6636,0.200445
1038,-0.00562,-13.6636,0.200445
1039,-0.00561,-13.6636,0.200445
1040,-0.0056,-13.6636,0.200445
1041,-0.00559,-13.6636,0.200445
1042,-0.00558,-13.6636,0.200445
1043,-0.00557,-13.6636,0.200445
1044,-0.00556,-13.6636,0.200445
1045,-0.00555,-13.6636,0.200445
1046,-0.00554,-13.6636,0.200445
1047,-0.00553,-13.6636,0.200445
1048,-0.00552,-13.6636,0.200445
1049,-0.00551,-13.6636,0.200445
1050,-0.0055,-13.6636,0.200445
1051,-0.00549,-13.6636,0.200445
1052,-0.00548,-13.6636,0.200445
1053,-0.00547,-13.6636,0.200445
1054,-0.00546,-13.6636,0.200445
1055,-0.00545,-13.6636,0.200445
1056,-0.00544,-13.6636,0.200445
1057,-0.00543,-13.6636,0.200445
1058,-0.00542,-13.6636,0.200445
1059,-0.00541,-13.6636,0.200445
1060,-0.0054,-13.6636,0.200445
1061,-0.00539,-13.6636,0.200445
1062,-0.00538,-13.6636,0.200445
1063,-0.00537,-13.6636,0.200445
1064,-0.00536,-13.6636,0.200445
1065,-0.00535,-13.6636,0.200445
1066,-0.00534,-13.6636,0.200445
1067,-0.00533,-13.6636,0.200445
1068,-0.00532,-13.6636,0.200445
1069,-0.00531,-13.6636,0.200445
1070,-0.0053,-13.6636,0.200445
1071,-0.00529,-13.6636,0.200445
1072,-0.00528,-13.6636,0.200445
1073,-0.00527,-13.6636,0.200445
1074,-0.00526,-13.6636,0.200445
1075,-0.00525,-13.6803,0.200445
1076,-0.00524,-13.6636,0.200445
1077,-0.00523,-13.6636,0.200445
1078,-0.00522,-13.6803,0.200445
1079,-0.00521,-13.6636,0.200445
1080,-0.0052,-13.6636,0.200445
1081,-0.00519,-13.6636,0.233852
1082,-0.00518,-13.6636,0.183741
1083,-0.00517,-13.6636,0.200445
1084,-0.00516,-13.6636,0.200445
1085,-0.00515,-13.6636,0.200445
1086,-0.00514,-13.6636,0.200445
1087,-0.00513,-13.6636,0.183741
1088,-0.00512,-13.6636,0.200445
1089,-0.00511,-13.6636,0.200445
1090,-0.0051,-13.6636,0.200445
1091,-0.00509,-13.6636,0.200445
1092,-0.00508,-13.6636,0.200445
1093,-0.00507,-13.6636,0.200445
1094,-0.00506,-13.6803,0.200445
1095,-0.00505,-13.6636,0.200445
1096,-0.00504,-13.6636,0.200445
1097,-0.00503,-13.6636,0.200445
1098,-0.00502,-13.6636,0.200445
1099,-0.00501,-13.6636,0.200445
1100,-0.005,-13.6971,0.200445
1101,-0.00499,-13.6636,0.200445
1102,-0.00498,-13.6636,0.200445
1103,-0.00497,-13.6971,0.200445
1104,-0.00496,-13.6971,0.200445
1105,-0.00495,-13.6636,0.200445
1106,-0.00494,-13.6803,0.200445
1107,-0.00493,-13.6803,0.200445
1108,-0.00492,-13.6469,0.200445
1109,-0.00491,-13.6971,0.200445
1110,-0.0049,-13.6971,0.200445
1111,-0.00489,-13.6636,0.200445
1112,-0.00488,-13.6803,0.200445
1113,-0.00487,-13.6636,0.200445
1114,-0.00486,-13.6971,0.200445
1115,-0.00485,-13.6971,0.200445
1116,-0.00484,-13.6636,0.200445
1117,-0.00483,-13.6636,0.200445
1118,-0.00482,-13.6971,0.200445
1119,-0.00481,-13.6636,0.200445
1120,-0.0048,-13.6636,0.200445
1121,-0.00479,-13.6636,0.200445
1122,-0.00478,-13.6636,0.200445
1123,-0.00477,-13.6636,0.183741
1124,-0.00476,-13.6803,0.200445
1125,-0.00475,-13.6803,0.200445
1126,-0.00474,-13.6803,0.200445
1127,-0.00473,-13.6803,0.200445
1128,-0.00472,-13.6971,0.200445
1129,-0.00471,-13.6636,0.200445
1130,-0.0047,-13.6636,0.200445
1131,-0.00469,-13.6803,0.200445
1132,-0.00468,-13.6636,0.200445
1133,-0.00467,-13.6971,0.183741
1134,-0.00466,-13.6803,0.200445
1135,-0.00465,-13.6803,0.200445
1136,-0.00464,-13.6803,0.183741
1137,-0.00463,-13.6636,0.200445
1138,-0.00462,-13.6636,0.200445
1139,-0.00461,-13.6971,0.200445
1140,-0.0046,-13.6636,0.200445
1141,-0.00459,-13.6636,0.200445
1142,-0.00458,-13.6971,0.200445
1143,-0.00457,-13.6636,0.200445
1144,-0.00456,-13.6636,0.200445
1145,-0.00455,-13.6803,0.200445
1146,-0.00454,-13.6636,0.200445
1147,-0.00453,-13.6971,0.200445
1148,-0.00452,-13.6803,0.200445
1149,-0.00451,-13.6636,0.183741
1150,-0.0045,-13.6636,0.233852
1151,-0.00449,-13.6803,0.183741
1152,-0.00448,-13.6803,0.200445
1153,-0.00447,-13.6803,0.200445
1154,-0.00446,-13.6803,0.200445
1155,-0.00445,-13.6636,0.200445
1156,-0.00444,-13.6971,0.200445
1157,-0.00443,-13.6636,0.200445
1158,-0.00442,-13.6636,0.200445
1159,-0.00441,-13.6803,0.200445
1160,-0.0044,-13.6803,0.200445
1161,-0.00439,-13.6803,0.200445
1162,-0.00438,-13.6803,0.200445
1163,-0.00437,-13.6636,0.200445
1164,-0.00436,-13.6971,0.200445
1165,-0.00435,-13.6971,0.200445
1166,-0.00434,-13.6636,0.200445
1167,-0.00433,-13.6636,0.200445
1168,-0.00432,-13.6803,0.200445
1169,-0.00431,-13.6469,0.200445
1170,-0.0043,-13.6971,0.200445
1171,-0.00429,-13.6803,0.200445
1172,-0.00428,-13.6803,0.200445
1173,-0.00427,-13.6803,0.200445
1174,-0.00426,-13.6803,0.200445
1175,-0.00425,-13.6636,0.200445
1176,-0.00424,-13.6971,0.200445
1177,-0.00423,-13.6803,0.200445
1178,-0.00422,-13.6803,0.183741
1179,-0.00421,-13.6636,0.200445
1180,-0.0042,-13.6971,0.200445
1181,-0.00419,-13.6636,0.200445
1182,-0.00418,-13.6636,0.183741
1183,-0.00417,-13.6636,0.233852
1184,-0.00416,-13.6803,0.183741
1185,-0.00415,-13.6636,0.200445
1186,-0.00414,-13.6971,0.200445
1187,-0.00413,-13.6803,0.200445
1188,-0.00412,-13.6636,0.200445
1189,-0.00411,-13.6803,0.200445
1190,-0.0041,-13.6636,0.200445
1191,-0.00409,-13.6971,0.200445
1192,-0.00408,-13.6971,0.200445
1193,-0.00407,-13.6469,0.200445
1194,-0.00406,-13.6971,0.200445
1195,-0.00405,-13.6803,0.200445
1196,-0.00404,-13.6803,0.200445
1197,-0.00403,-13.6803,0.200445
1198,-0.00402,-13.6803,0.200445
1199,-0.00401,-13.6803,0.200445
1200,-0.004,-13.6803,0.200445
1201,-0.00399,-13.6803,0.200445
1202,-0.00398,-13.6803,0.200445
1203,-0.00397,-13.6803,0.200445
1204,-0.00396,-13.6803,0.200445
1205,-0.00395,-13.6803,0.200445
1206,-0.00394,-13.6803,0.200445
1207,-0.00393,-13.6803,0.200445
1208,-0.00392,-13.6803,0.200445
1209,-0.00391,-13.6803,0.200445
1210,-0.0039,-13.6803,0.200445
1211,-0.00389,-13.6803,0.183741
1212,-0.00388,-13.6803,0.233852
1213,-0.00387,-13.6803,0.200445
1214,-0.00386,-13.6803,0.200445
1215,-0.00385,-13.6803,0.200445
1216,-0.00384,-13.6803,0.200445
1217,-0.00383,-13.6803,0.200445
1218,-0.00382,-13.6803,0.200445
1219,-0.00381,-13.6803,0.200445
1220,-0.0038,-13.6803,0.200445
1221,-0.00379,-13.6803,0.200445
1222,-0.00378,-13.6803,0.200445
1223,-0.00377,-13.6803,0.200445
1224,-0.00376,-13.6803,0.200445
1225,-0.00375,-13.6803,0.200445
1226,-0.00374,-13.6803,0.200445
1227,-0.00373,-13.6636,0.200445
1228,-0.00372,-13.6971,0.200445
1229,-0.00371,-13.6803,0.183741
1230,-0.0037,-13.6803,0.233852
1231,-0.00369,-13.6803,0.183741
1232,-0.00368,-13.6803,0.233852
1233,-0.00367,-13.6803,0.183741
1234,-0.00366,-13.6803,0.200445
1235,-0.00365,-13.6803,0.200445
1236,-0.00364,-13.6803,0.200445
1237,-0.00363,-13.6803,0.183741
1238,-0.00362,-13.6803,0.200445
1239,-0.00361,-13.6803,0.200445
1240,-0.0036,-13.6803,0.200445
1241,-0.00359,-13.6803,0.200445
1242,-0.00358,-13.6803,0.200445
1243,-0.00357,-13.6803,0.200445
1244,-0.00356,-13.6803,0.200445
1245,-0.00355,-13.6803,0.200445
1246,-0.00354,-13.6803,0.200445
1247,-0.00353,-13.6803,0.200445
1248,-0.00352,-13.6803,0.200445
1249,-0.00351,-13.6803,0.200445
1250,-0.0035,-13.6803,0.200445
1251,-0.00349,-13.6803,0.200445
1252,-0.00348,-13.6803,0.200445
1253,-0.00347,-13.6803,0.200445
1254,-0.00346,-13.6803,0.200445
1255,-0.00345,-13.6803,0.200445
1256,-0.00344,-13.6803,0.200445
1257,-0.00343,-13.6803,0.200445
1258,-0.00342,-13.6971,0.183741
1259,-0.00341,-13.6803,0.200445
1260,-0.0034,-13.6803,0.200445
1261,-0.00339,-13.6803,0.200445
1262,-0.00338,-13.6803,0.200445
1263,-0.00337,-13.6803,0.200445
1264,-0.00336,-13.6803,0.183741
1265,-0.00335,-13.6803,0.233852
1266,-0.00334,-13.6803,0.200445
1267,-0.00333,-13.6803,0.183741
1268,-0.00332,-13.6803,0.233852
1269,-0.00331,-13.6803,0.183741
1270,-0.0033,-13.6803,0.200445
1271,-0.00329,-13.6803,0.200445
1272,-0.00328,-13.6803,0.200445
1273,-0.00327,-13.6803,0.200445
1274,-0.00326,-13.6803,0.200445
1275,-0.00325,-13.6803,0.200445
1276,-0.00324,-13.6803,0.200445
1277,-0.00323,-13.6803,0.200445
1278,-0.00322,-13.6803,0.200445
1279,-0.00321,-13.6803,0.200445
1280,-0.0032,-13.6803,0.200445
1281,-0.00319,-13.6803,0.200445
1282,-0.00318,-13.6803,0.200445
1283,-0.00317,-13.6803,0.200445
1284,-0.00316,-13.6803,0.200445
1285,-0.00315,-13.6803,0.200445
1286,-0.00314,-13.6803,0.200445
1287,-0.00313,-13.6803,0.200445
1288,-0.00312,-13.6803,0.200445
1289,-0.00311,-13.6803,0.200445
1290,-0.0031,-13.6803,0.200445
1291,-0.00309,-13.6803,0.200445
1292,-0.00308,-13.6803,0.200445
1293,-0.00307,-13.6803,0.200445
1294,-0.00306,-13.6803,0.200445
1295,-0.00305,-13.6803,0.200445
1296,-0.00304,-13.6803,0.200445
1297,-0.00303,-13.6803,0.200445
1298,-0.00302,-13.6803,0.200445
1299,-0.00301,-13.6803,0.200445
1300,-0.003,-13.6803,0.200445
1301,-0.00299,-13.6803,0.200445
1302,-0.00298,-13.6803,0.200445
1303,-0.00297,-13.6803,0.183741
1304,-0.00296,-13.6803,0.233852
1305,-0.00295,-13.6803,0.233852
1306,-0.00294,-13.6803,0.183741
1307,-0.00293,-13.6803,0.200445
1308,-0.00292,-13.6803,0.200445
1309,-0.00291,-13.6803,0.200445
1310,-0.0029,-13.6803,0.200445
1311,-0.00289,-13.6803,0.200445
1312,-0.00288,-13.6803,0.200445
1313,-0.00287,-13.6803,0.200445
1314,-0.00286,-13.6803,0.200445
1315,-0.00285,-13.6803,0.200445
1316,-0.00284,-13.6803,0.183741
1317,-0.00283,-13.6803,0.233852
1318,-0.00282,-13.6803,0.183741
1319,-0.00281,-13.6803,0.200445
1320,-0.0028,-13.6803,0.183741
1321,-0.00279,-13.6803,0.233852
1322,-0.00278,-13.6803,0.233852
1323,-0.00277,-13.6803,0.183741
1324,-0.00276,-13.6803,0.183741
1325,-0.00275,-13.6803,0.233852
1326,-0.00274,-13.6803,0.200445
1327,-0.00273,-13.6803,0.200445
1328,-0.00272,-13.6803,0.200445
1329,-0.00271,-13.6803,0.200445
1330,-0.0027,-13.6803,0.200445
1331,-0.00269,-13.6803,0.200445
1332,-0.00268,-13.6803,0.200445
1333,-0.00267,-13.6803,0.200445
1334,-0.00266,-13.6803,0.200445
1335,-0.00265,-13.6803,0.200445
1336,-0.00264,-13.6803,0.183741
1337,-0.00263,-13.6803,0.233852
1338,-0.00262,-13.6803,0.183741
1339,-0.00261,-13.6803,0.200445
1340,-0.0026,-13.6803,0.200445
1341,-0.00259,-13.6803,0.200445
1342,-0.00258,-13.6803,0.200445
1343,-0.00257,-13.6803,0.200445
1344,-0.00256,-13.6803,0.200445
1345,-0.00255,-13.6803,0.200445
1346,-0.00254,-13.6803,0.200445
1347,-0.00253,-13.6803,0.200445
1348,-0.00252,-13.6803,0.200445
1349,-0.00251,-13.6803,0.200445
1350,-0.0025,-13.6803,0.200445
1351,-0.00249,-13.6803,0.200445
1352,-0.00248,-13.6803,0.200445
1353,-0.00247,-13.6803,0.200445
1354,-0.00246,-13.6803,0.200445
1355,-0.00245,-13.6803,0.200445
1356,-0.00244,-13.6803,0.200445
1357,-0.00243,-13.6803,0.200445
1358,-0.00242,-13.6803,0.200445
1359,-0.00241,-13.6803,0.200445
1360,-0.0024,-13.6803,0.200445
1361,-0.00239,-13.6803,0.200445
1362,-0.00238,-13.6803,0.200445
1363,-0.00237,-13.6803,0.200445
1364,-0.00236,-13.6803,0.200445
1365,-0.00235,-13.6803,0.200445
1366,-0.00234,-13.6803,0.200445
1367,-0.00233,-13.6803,0.200445
1368,-0.00232,-13.6803,0.200445
1369,-0.00231,-13.6803,0.200445
1370,-0.0023,-13.6803,0.200445
1371,-0.00229,-13.6803,0.200445
1372,-0.00228,-13.6803,0.200445
1373,-0.00227,-13.6803,0.200445
1374,-0.00226,-13.6803,0.200445
1375,-0.00225,-13.6803,0.200445
1376,-0.00224,-13.6803,0.200445
1377,-0.00223,-13.6803,0.200445
1378,-0.00222,-13.6803,0.183741
1379,-0.00221,-13.6803,0.233852
1380,-0.0022,-13.6803,0.233852
1381,-0.00219,-13.6803,0.183741
1382,-0.00218,-13.6803,0.233852
1383,-0.00217,-13.6803,0.183741
1384,-0.00216,-13.6803,0.200445
1385,-0.00215,-13.6803,0.200445
1386,-0.00214,-13.6803,0.200445
1387,-0.00213,-13.6803,0.200445
1388,-0.00212,-13.6803,0.200445
1389,-0.00211,-13.6803,0.200445
1390,-0.0021,-13.6803,0.200445
1391,-0.00209,-13.6803,0.200445
1392,-0.00208,-13.6803,0.200445
1393,-0.00207,-13.6803,0.200445
1394,-0.00206,-13.6803,0.200445
1395,-0.00205,-13.6803,0.200445
1396,-0.00204,-13.6803,0.200445
1397,-0.00203,-13.6803,0.200445
1398,-0.00202,-13.6803,0.200445
1399,-0.00201,-13.6803,0.200445
1400,-0.002,-13.6803,0.200445
1401,-0.00199,-13.6803,0.200445
1402,-0.00198,-13.6803,0.200445
1403,-0.00197,-13.6803,0.200445
1404,-0.00196,-13.6803,0.200445
1405,-0.00195,-13.6803,0.200445
1406,-0.00194,-13.6803,0.200445
1407,-0.00193,-13.6803,0.200445
1408,-0.00192,-13.6803,0.200445
1409,-0.00191,-13.6803,0.200445
1410,-0.0019,-13.6803,0.200445
1411,-0.00189,-13.6803,0.200445
1412,-0.00188,-13.6803,0.200445
1413,-0.00187,-13.6803,0.200445
1414,-0.00186,-13.6803,0.200445
1415,-0.00185,-13.6803,0.200445
1416,-0.00184,-13.6803,0.200445
1417,-0.00183,-13.6803,0.200445
1418,-0.00182,-13.6803,0.200445
1419,-0.00181,-13.6803,0.200445
1420,-0.0018,-13.6803,0.200445
1421,-0.00179,-13.6803,0.200445
1422,-0.00178,-13.6803,0.200445
1423,-0.00177,-13.6803,0.200445
1424,-0.00176,-13.6803,0.200445
1425,-0.00175,-13.6803,0.200445
1426,-0.00174,-13.6971,0.200445
1427,-0.00173,-13.6636,0.200445
1428,-0.00172,-13.6803,0.183741
1429,-0.00171,-13.6636,0.200445
1430,-0.0017,-13.6971,0.200445
1431,-0.00169,-13.6636,0.200445
1432,-0.00168,-13.6636,0.200445
1433,-0.00167,-13.6971,0.200445
1434,-0.00166,-13.6636,0.200445
1435,-0.00165,-13.6636,0.200445
1436,-0.00164,-13.6803,0.200445
1437,-0.00163,-13.6636,0.200445
1438,-0.00162,-13.6971,0.200445
1439,-0.00161,-13.6636,0.200445
1440,-0.0016,-13.6971,0.200445
1441,-0.00159,-13.6803,0.200445
1442,-0.00158,-13.6803,0.200445
1443,-0.00157,-13.6971,0.200445
1444,-0.00156,-13.6636,0.200445
1445,-0.00155,-13.6636,0.200445
1446,-0.00154,-13.6803,0.200445
1447,-0.00153,-13.6636,0.200445
1448,-0.00152,-13.6636,0.200445
1449,-0.00151,-13.6636,0.200445
1450,-0.0015,-13.6636,0.200445
1451,-0.00149,-13.6636,0.200445
1452,-0.00148,-13.6636,0.200445
1453,-0.00147,-13.6636,0.200445
1454,-0.00146,-13.6636,0.200445
1455,-0.00145,-13.6636,0.200445
1456,-0.00144,-13.6636,0.200445
1457,-0.00143,-13.6636,0.200445
1458,-0.00142,-13.6636,0.200445
1459,-0.00141,-13.6636,0.200445
1460,-0.0014,-13.6636,0.200445
1461,-0.00139,-13.6636,0.200445
1462,-0.00138,-13.6636,0.200445
1463,-0.00137,-13.6636,0.200445
1464,-0.00136,-13.6636,0.200445
1465,-0.00135,-13.6636,0.200445
1466,-0.00134,-13.6636,0.200445
1467,-0.00133,-13.6636,0.200445
1468,-0.00132,-13.6636,0.200445
1469,-0.00131,-13.6636,0.200445
1470,-0.0013,-13.6636,0.200445
1471,-0.00129,-13.6636,0.200445
1472,-0.00128,-13.6636,0.200445
1473,-0.00127,-13.6636,0.200445
1474,-0.00126,-13.6636,0.200445
1475,-0.00125,-13.6636,0.200445
1476,-0.00124,-13.6636,0.200445
1477,-0.00123,-13.6636,0.200445
1478,-0.00122,-13.6636,0.200445
1479,-0.00121,-13.6636,0.200445
1480,-0.0012,-13.6636,0.200445
1481,-0.00119,-13.6636,0.200445
1482,-0.00118,-13.6636,0.200445
1483,-0.00117,-13.6636,0.200445
1484,-0.00116,-13.6636,0.200445
1485,-0.00115,-13.6636,0.200445
1486,-0.00114,-13.6636,0.200445
1487,-0.00113,-13.6636,0.200445
1488,-0.00112,-13.6636,0.200445
1489,-0.00111,-13.6636,0.200445
1490,-0.0011,-13.6636,0.200445
1491,-0.00109,-13.6636,0.200445
1492,-0.00108,-13.6636,0.200445
1493,-0.00107,-13.6636,0.200445
1494,-0.00106,-13.6636,0.200445
1495,-0.00105,-13.6636,0.200445
1496,-0.00104,-13.6636,0.200445
1497,-0.00103,-13.6636,0.200445
1498,-0.00102,-13.6636,0.200445
1499,-0.00101,-13.6636,0.200445
1500,-0.001,-13.6636,0.183741
1501,-0.00099,-13.6636,0.200445
1502,-0.00098,-13.6469,0.200445
1503,-0.00097,-13.6469,0.183741
1504,-0.00096,-13.6469,0.200445
1505,-0.00095,-13.6469,0.200445
1506,-0.00094,-13.6469,0.200445
1507,-0.00093,-13.6469,0.200445
1508,-0.00092,-13.6469,0.183741
1509,-0.00091,-13.6469,0.200445
1510,-0.0009,-13.6469,0.200445
1511,-0.00089,-13.6469,0.200445
1512,-0.00088,-13.6469,0.200445
1513,-0.00087,-13.6469,0.200445
1514,-0.00086,-13.6469,0.200445
1515,-0.00085,-13.6469,0.200445
1516,-0.00084,-13.6469,0.200445
1517,-0.00083,-13.6469,0.200445
1518,-0.00082,-13.6469,0.200445
1519,-0.00081,-13.6469,0.200445
1520,-0.0008,-13.6469,0.200445
1521,-0.00079,-13.6469,0.200445
1522,-0.00078,-13.6469,0.200445
1523,-0.00077,-13.6469,0.200445
1524,-0.00076,-13.6469,0.200445
1525,-0.00075,-13.6469,0.200445
1526,-0.00074,-13.6469,0.200445
1527,-0.00073,-13.6469,0.200445
1528,-0.00072,-13.6469,0.200445
1529,-0.00071,-13.6469,0.200445
1530,-0.0007,-13.6469,0.200445
1531,-0.00069,-13.6469,0.200445
1532,-0.00068,-13.6469,0.200445
1533,-0.00067,-13.6469,0.200445
1534,-0.00066,-13.6469,0.200445
1535,-0.00065,-13.6469,0.200445
1536,-0.00064,-13.6469,0.200445
1537,-0.00063,-13.6469,0.200445
1538,-0.00062,-13.6469,0.200445
1539,-0.00061,-13.6469,0.200445
1540,-0.0006,-13.6469,0.200445
1541,-0.00059,-13.6469,0.200445
1542,-0.00058,-13.6302,0.200445
1543,-0.00057,-13.6302,0.200445
1544,-0.00056,-13.6302,0.200445
1545,-0.00055,-13.6302,0.200445
1546,-0.00054,-13.6302,0.200445
1547,-0.00053,-13.6302,0.200445
1548,-0.00052,-13.6302,0.200445
1549,-0.00051,-13.6302,0.200445
1550,-0.0005,-13.6302,0.200445
1551,-0.00049,-13.6302,0.200445
1552,-0.00048,-13.6302,0.200445
1553,-0.00047,-13.6302,0.200445
1554,-0.00046,-13.6302,0.200445
1555,-0.00045,-13.6302,0.200445
1556,-0.00044,-13.6302,0.200445
1557,-0.00043,-13.6302,0.200445
1558,-0.00042,-13.6302,0.200445
1559,-0.00041,-13.6302,0.200445
1560,-0.0004,-13.6302,0.200445
1561,-0.00039,-13.6302,0.200445
1562,-0.00038,-13.6302,0.200445
1563,-0.00037,-13.6302,0.200445
1564,-0.00036,-13.6302,0.200445
1565,-0.00035,-13.6302,0.200445
1566,-0.00034,-13.6302,0.200445
1567,-0.00033,-13.6302,0.200445
1568,-0.00032,-13.6135,0.200445
1569,-0.00031,-13.6135,0.200445
1570,-0.0003,-13.6135,0.200445
1571,-0.00029,-13.6135,0.200445
1572,-0.00028,-13.6135,0.200445
1573,-0.00027,-13.6135,0.200445
1574,-0.00026,-13.6135,0.200445
1575,-0.00025,-13.6135,0.200445
1576,-0.00024,-13.6135,0.200445
1577,-0.00023,-13.6135,0.200445
1578,-0.00022,-13.6135,0.200445
1579,-0.00021,-13.6135,0.200445
1580,-0.0002,-13.6135,0.200445
1581,-0.00019,-13.6135,0.200445
1582,-0.00018,-13.6135,0.200445
1583,-0.00017,-13.6135,0.200445
1584,-0.00016,-13.6135,0.200445
1585,-0.00015,-13.5968,0.200445
1586,-0.00014,-13.5968,0.200445
1587,-0.00013,-13.5968,0.200445
1588,-0.00012,-13.5968,0.200445
1589,-0.00011,-13.5968,0.200445
1590,-0.0001,-13.5968,0.200445
1591,-9e-05,-13.5968,0.200445
1592,-8e-05,-13.5968,0.200445
1593,-7e-05,-13.6135,0.200445
1594,-6e-05,-13.5801,0.200445
1595,-5e-05,-13.5801,0.200445
1596,-4e-05,-13.5801,0.200445
1597,-3e-05,-13.5801,0.200445
1598,-2e-05,-13.5968,0.200445
1599,-1e-05,-13.4632,0.200445
1600,0,-14.6492,0.200445
1601,1e-05,2.38863,0.200445
1602,2e-05,11.2416,0.200445
1603,3e-05,11.1915,0.233852
1604,4e-05,11.1748,0.233852
1605,5e-05,11.1414,0.26726
1606,6e-05,11.1247,-0.167037
1607,7e-05,11.2416,6.69819
1608,8e-05,11.4253,13.5634
1609,9e-05,11.2583,3.157
1610,0.0001,11.3418,4.74386
1611,0.00011,11.5256,12.9955
1612,0.00012,11.4588,6.68149
1613,0.00013,11.4086,1.70378
1614,0.00014,11.6759,12.7115
1615,0.00015,11.6759,8.86968
1616,0.00016,11.5423,0.618038
1617,0.00017,11.8429,12.0601
1618,0.00018,11.8596,10.6403
1619,0.00019,11.6759,-0.551223
1620,0.0002,11.9766,11.1247
1621,0.00021,12.0267,12.628
1622,0.00022,11.8262,-1.20267
1623,0.00023,12.0935,10.0723
1624,0.00024,12.177,13.6469
1625,0.00025,11.9432,-0.835186
1626,0.00026,12.1937,8.88638
1627,0.00027,12.3106,13.9476
1628,0.00028,12.0768,0.400889
1629,0.00029,12.2438,7.1826
1630,0.0003,12.3942,13.7973
1631,0.00031,12.1937,2.52226
1632,0.00032,12.2772,5.14475
1633,0.00033,12.461,13.3964
1634,0.00034,12.3273,5.06123
1635,0.00035,12.3106,3.10689
1636,0.00036,12.5278,12.8452
1637,0.00037,12.4443,7.66701
1638,0.00038,12.3441,1.20267
1639,0.00039,12.5946,12.2438
1640,0.0004,12.5612,10.0723
1641,0.00041,12.3775,-0.283963
1642,0.00042,12.628,11.5423
1643,0.00043,12.6447,11.9933
1644,0.00044,12.3942,-1.10245
1645,0.00045,12.6781,10.6236
1646,0.00046,12.6948,13.2795
1647,0.00047,12.461,-1.05233
1648,0.00048,12.6781,9.37079
1649,0.00049,12.7616,13.8808
1650,0.0005,12.5111,-0.116926
1651,0.00051,12.6948,7.81734
1652,0.00052,12.8118,13.8975
1653,0.00053,12.6113,1.68708
1654,0.00054,12.6948,5.92982
1655,0.00055,12.8452,13.5968
1656,0.00056,12.6614,4.0423
1657,0.00057,12.6781,3.89197
1658,0.00058,12.8786,13.079
1659,0.00059,12.7449,6.66478
1660,0.0006,12.6614,1.92093
1661,0.00061,12.912,12.4777
1662,0.00062,12.8285,9.18705
1663,0.00063,12.6447,0.233852
1664,0.00064,12.912,11.8095
1665,0.00065,12.8953,11.3585
1666,0.00066,12.6447,-0.902001
1667,0.00067,12.9287,10.9743
1668,0.00068,12.9454,12.8953
1669,0.00069,12.6781,-1.18596
1670,0.0007,12.912,9.83849
1671,0.00071,12.461,13.6636
1672,0.00072,11.3251,0.0835186
1673,0.00073,-15.8852,0.367482
1674,0.00074,-13.8474,0.0835186
1675,0.00075,-14.1313,0.0835186
1676,0.00076,-14.0478,0.116926
1677,0.00077,-13.9309,0.13363
1678,0.00078,-13.8474,0.13363
1679,0.00079,-13.7639,0.167037
1680,0.0008,-13.7138,0.167037
1681,0.00081,-13.6636,0.183741
1682,0.00082,-13.6636,0.183741
1683,0.00083,-13.6302,0.183741
1684,0.00084,-13.6302,0.200445
1685,0.00085,-13.6302,0.200445
1686,0.00086,-13.5968,0.200445
1687,0.00087,-13.5968,0.200445
1688,0.00088,-13.5968,0.200445
1689,0.00089,-13.5968,0.200445
1690,0.0009,-13.5968,0.200445
1691,0.00091,-13.5968,0.200445
1692,0.00092,-13.5968,0.200445
1693,0.00093,-13.5968,0.200445
1694,0.00094,-13.5968,0.200445
1695,0.00095,-13.5968,0.200445
1696,0.00096,-13.5968,0.200445
1697,0.00097,-13.5968,0.200445
1698,0.00098,-13.5968,0.200445
1699,0.00099,-13.5968,0.200445
1700,0.001,-13.5968,0.200445
1701,0.00101,-13.5968,0.200445
1702,0.00102,-13.5968,0.200445
1703,0.00103,-13.5968,0.183741
1704,0.00104,-13.5968,0.200445
1705,0.00105,-13.5968,0.200445
1706,0.00106,-13.5968,0.200445
1707,0.00107,-13.5968,0.200445
1708,0.00108,-13.5968,0.200445
1709,0.00109,-13.5968,0.200445
1710,0.0011,-13.5968,0.200445
1711,0.00111,-13.5968,0.200445
1712,0.00112,-13.5968,0.200445
1713,0.00113,-13.5968,0.200445
1714,0.00114,-13.5968,0.183741
1715,0.00115,-13.5968,0.200445
1716,0.00116,-13.5968,0.200445
1717,0.00117,-13.5968,0.200445
1718,0.00118,-13.5968,0.200445
1719,0.00119,-13.5968,0.200445
1720,0.0012,-13.5968,0.200445
1721,0.00121,-13.5968,0.200445
1722,0.00122,-13.5968,0.200445
1723,0.00123,-13.6135,0.200445
1724,0.00124,-13.6135,0.200445
1725,0.00125,-13.6135,0.200445
1726,0.00126,-13.6135,0.200445
1727,0.00127,-13.6135,0.200445
1728,0.00128,-13.6135,0.200445
1729,0.00129,-13.6135,0.200445
1730,0.0013,-13.5968,0.200445
1731,0.00131,-13.6135,0.200445
1732,0.00132,-13.6135,0.200445
1733,0.00133,-13.6135,0.200445
1734,0.00134,-13.6135,0.200445
1735,0.00135,-13.6135,0.200445
1736,0.00136,-13.6135,0.200445
1737,0.00137,-13.5968,0.200445
1738,0.00138,-13.6135,0.200445
1739,0.00139,-13.6135,0.200445
1740,0.0014,-13.5968,0.200445
1741,0.00141,-13.5968,0.200445
1742,0.00142,-13.5968,0.200445
1743,0.00143,-13.6302,0.200445
1744,0.00144,-13.6135,0.200445
1745,0.00145,-13.6135,0.200445
1746,0.00146,-13.6135,0.200445
1747,0.00147,-13.6135,0.200445
1748,0.00148,-13.6135,0.200445
1749,0.00149,-13.6135,0.200445
1750,0.0015,-13.6135,0.200445
1751,0.00151,-13.6135,0.183741
1752,0.00152,-13.6135,0.233852
1753,0.00153,-13.6135,0.183741
1754,0.00154,-13.6135,0.200445
1755,0.00155,-13.6135,0.200445
1756,0.00156,-13.6135,0.200445
1757,0.00157,-13.6302,0.200445
1758,0.00158,-13.5968,0.200445
1759,0.00159,-13.6135,0.200445
1760,0.0016,-13.6135,0.200445
1761,0.00161,-13.6302,0.200445
1762,0.00162,-13.5968,0.200445
1763,0.00163,-13.6135,0.200445
1764,0.00164,-13.6135,0.200445
1765,0.00165,-13.6135,0.200445
1766,0.00166,-13.6135,0.200445
1767,0.00167,-13.6135,0.200445
1768,0.00168,-13.6135,0.200445
1769,0.00169,-13.6135,0.200445
1770,0.0017,-13.6135,0.200445
1771,0.00171,-13.6135,0.200445
1772,0.00172,-13.6135,0.200445
1773,0.00173,-13.6135,0.200445
1774,0.00174,-13.6135,0.200445
1775,0.00175,-13.6135,0.200445
1776,0.00176,-13.6135,0.200445
1777,0.00177,-13.6135,0.200445
1778,0.00178,-13.6135,0.200445
1779,0.00179,-13.6135,0.200445
1780,0.0018,-13.6135,0.200445
1781,0.00181,-13.6135,0.200445
1782,0.00182,-13.6135,0.200445
1783,0.00183,-13.6135,0.200445
1784,0.00184,-13.6135,0.200445
1785,0.00185,-13.6135,0.200445
1786,0.00186,-13.6135,0.200445
1787,0.00187,-13.6469,0.200445
1788,0.00188,-13.6469,0.200445
1789,0.00189,-13.6302,0.200445
1790,0.0019,-13.6135,0.200445
1791,0.00191,-13.6135,0.200445
1792,0.00192,-13.6135,0.200445
1793,0.00193,-13.6135,0.200445
1794,0.00194,-13.6302,0.200445
1795,0.00195,-13.6302,0.200445
1796,0.00196,-13.6135,0.200445
1797,0.00197,-13.6135,0.200445
1798,0.00198,-13.6135,0.200445
1799,0.00199,-13.6469,0.200445
1800,0.002,-13.6469,0.200445
1801,0.00201,-13.6135,0.200445
1802,0.00202,-13.6302,0.200445
1803,0.00203,-13.6302,0.200445
1804,0.00204,-13.6302,0.200445
1805,0.00205,-13.6135,0.200445
1806,0.00206,-13.6469,0.200445
1807,0.00207,-13.6302,0.200445
1808,0.00208,-13.6469,0.200445
1809,0.00209,-13.5968,0.200445
1810,0.0021,-13.6469,0.200445
1811,0.00211,-13.6302,0.200445
1812,0.00212,-13.6302,0.200445
1813,0.00213,-13.6302,0.183741
1814,0.00214,-13.6302,0.200445
1815,0.00215,-13.6469,0.200445
1816,0.00216,-13.6135,0.200445
1817,0.00217,-13.6302,0.200445
1818,0.00218,-13.6302,0.200445
1819,0.00219,-13.6135,0.200445
1820,0.0022,-13.6135,0.200445
1821,0.00221,-13.6135,0.200445
1822,0.00222,-13.6135,0.200445
1823,0.00223,-13.6135,0.200445
1824,0.00224,-13.6135,0.200445
1825,0.00225,-13.6135,0.200445
1826,0.00226,-13.6135,0.200445
1827,0.00227,-13.6302,0.200445
1828,0.00228,-13.6302,0.200445
1829,0.00229,-13.6135,0.200445
1830,0.0023,-13.6135,0.200445
1831,0.00231,-13.6135,0.200445
1832,0.00232,-13.6469,0.200445
1833,0.00233,-13.6302,0.200445
1834,0.00234,-13.6302,0.200445
1835,0.00235,-13.6469,0.200445
1836,0.00236,-13.6135,0.183741
1837,0.00237,-13.6135,0.200445
1838,0.00238,-13.6135,0.200445
1839,0.00239,-13.6135,0.200445
1840,0.0024,-13.6135,0.200445
1841,0.00241,-13.6135,0.200445
1842,0.00242,-13.6135,0.200445
1843,0.00243,-13.6135,0.200445
1844,0.00244,-13.6135,0.200445
1845,0.00245,-13.6302,0.200445
1846,0.00246,-13.5968,0.200445
1847,0.00247,-13.5968,0.200445
1848,0.00248,-13.5968,0.200445
1849,0.00249,-13.6135,0.200445
1850,0.0025,-13.6302,0.200445
1851,0.00251,-13.6135,0.200445
1852,0.00252,-13.6302,0.200445
1853,0.00253,-13.5968,0.200445
1854,0.00254,-13.6135,0.200445
1855,0.00255,-13.6135,0.200445
1856,0.00256,-13.6135,0.200445
1857,0.00257,-13.6135,0.200445
1858,0.00258,-13.6135,0.200445
1859,0.00259,-13.6135,0.200445
1860,0.0026,-13.6135,0.200445
1861,0.00261,-13.6135,0.200445
1862,0.00262,-13.6135,0.200445
1863,0.00263,-13.6135,0.200445
1864,0.00264,-13.6135,0.200445
1865,0.00265,-13.6135,0.200445
1866,0.00266,-13.6135,0.200445
1867,0.00267,-13.6135,0.200445
1868,0.00268,-13.6135,0.200445
1869,0.00269,-13.6135,0.200445
1870,0.0027,-13.6135,0.200445
1871,0.00271,-13.6135,0.200445
1872,0.00272,-13.6135,0.200445
1873,0.00273,-13.6135,0.200445
1874,0.00274,-13.6135,0.200445
1875,0.00275,-13.6135,0.200445
1876,0.00276,-13.6135,0.200445
1877,0.00277,-13.6302,0.200445
1878,0.00278,-13.6135,0.200445
1879,0.00279,-13.6135,0.200445
1880,0.0028,-13.6302,0.200445
1881,0.00281,-13.6302,0.200445
1882,0.00282,-13.5968,0.200445
1883,0.00283,-13.6469,0.200445
1884,0.00284,-13.6135,0.200445
1885,0.00285,-13.6135,0.200445
1886,0.00286,-13.6135,0.200445
1887,0.00287,-13.6135,0.200445
1888,0.00288,-13.6135,0.200445
1889,0.00289,-13.6135,0.200445
1890,0.0029,-13.6135,0.183741
1891,0.00291,-13.6135,0.200445
1892,0.00292,-13.6135,0.200445
1893,0.00293,-13.6135,0.200445
1894,0.00294,-13.6135,0.200445
1895,0.00295,-13.6302,0.200445
1896,0.00296,-13.5968,0.200445
1897,0.00297,-13.6469,0.200445
1898,0.00298,-13.6302,0.200445
1899,0.00299,-13.6135,0.200445
1900,0.003,-13.6469,0.200445
1901,0.00301,-13.6302,0.200445
1902,0.00302,-13.6302,0.200445
1903,0.00303,-13.6302,0.200445
1904,0.00304,-13.6302,0.200445
1905,0.00305,-13.6302,0.200445
1906,0.00306,-13.6302,0.200445
1907,0.00307,-13.6302,0.200445
1908,0.00308,-13.6302,0.200445
1909,0.00309,-13.6302,0.183741
1910,0.0031,-13.6302,0.200445
1911,0.00311,-13.6302,0.200445
1912,0.00312,-13.6302,0.200445
1913,0.00313,-13.6302,0.183741
1914,0.00314,-13.6302,0.200445
1915,0.00315,-13.6302,0.200445
1916,0.00316,-13.6302,0.200445
1917,0.00317,-13.6302,0.200445
1918,0.00318,-13.6302,0.200445
1919,0.00319,-13.6302,0.200445
1920,0.0032,-13.6302,0.200445
1921,0.00321,-13.6302,0.200445
1922,0.00322,-13.6302,0.200445
1923,0.00323,-13.6302,0.200445
1924,0.00324,-13.6302,0.200445
1925,0.00325,-13.6302,0.200445
1926,0.00326,-13.6302,0.200445
1927,0.00327,-13.6302,0.200445
1928,0.00328,-13.6302,0.200445
1929,0.00329,-13.6302,0.200445
1930,0.0033,-13.6302,0.200445
1931,0.00331,-13.6302,0.200445
1932,0.00332,-13.6302,0.200445
1933,0.00333,-13.6302,0.200445
1934,0.00334,-13.6302,0.200445
1935,0.00335,-13.6302,0.200445
1936,0.00336,-13.6302,0.200445
1937,0.00337,-13.6302,0.200445
1938,0.00338,-13.6302,0.200445
1939,0.00339,-13.6302,0.200445
1940,0.0034,-13.6302,0.200445
1941,0.00341,-13.6302,0.200445
1942,0.00342,-13.6302,0.200445
1943,0.00343,-13.6302,0.200445
1944,0.00344,-13.6302,0.200445
1945,0.00345,-13.6302,0.200445
1946,0.00346,-13.6302,0.200445
1947,0.00347,-13.6302,0.200445
1948,0.00348,-13.6302,0.200445
1949,0.00349,-13.6302,0.200445
1950,0.0035,-13.6302,0.200445
1951,0.00351,-13.6302,0.200445
1952,0.00352,-13.6302,0.183741
1953,0.00353,-13.6302,0.200445
1954,0.00354,-13.6302,0.200445
1955,0.00355,-13.6302,0.200445
1956,0.00356,-13.6302,0.200445
1957,0.00357,-13.6302,0.183741
1958,0.00358,-13.6302,0.200445
1959,0.00359,-13.6302,0.200445
1960,0.0036,-13.6302,0.200445
1961,0.00361,-13.6302,0.200445
1962,0.00362,-13.6302,0.200445
1963,0.00363,-13.6302,0.200445
1964,0.00364,-13.6302,0.200445
1965,0.00365,-13.6302,0.200445
1966,0.00366,-13.6302,0.183741
1967,0.00367,-13.6302,0.233852
1968,0.00368,-13.6302,0.183741
1969,0.00369,-13.6302,0.200445
1970,0.0037,-13.6302,0.200445
1971,0.00371,-13.6302,0.200445
1972,0.00372,-13.6302,0.200445
1973,0.00373,-13.6302,0.200445
1974,0.00374,-13.6302,0.200445
1975,0.00375,-13.6302,0.200445
1976,0.00376,-13.6302,0.200445
1977,0.00377,-13.6302,0.200445
1978,0.00378,-13.6302,0.200445
1979,0.00379,-13.6302,0.200445
1980,0.0038,-13.6302,0.200445
1981,0.00381,-13.6302,0.200445
1982,0.00382,-13.6302,0.200445
1983,0.00383,-13.6302,0.200445
1984,0.00384,-13.6302,0.200445
1985,0.00385,-13.6302,0.200445
1986,0.00386,-13.6302,0.200445
1987,0.00387,-13.6302,0.200445
1988,0.00388,-13.6302,0.183741
1989,0.00389,-13.6302,0.200445
1990,0.0039,-13.6302,0.200445
1991,0.00391,-13.6302,0.200445
1992,0.00392,-13.6302,0.200445
1993,0.00393,-13.6302,0.200445
1994,0.00394,-13.6302,0.200445
1995,0.00395,-13.6302,0.200445
1996,0.00396,-13.6302,0.200445
1997,0.00397,-13.6302,0.200445
1998,0.00398,-13.6302,0.200445
1999,0.00399,-13.6302,0.200445
2000,0.004,-13.6302,0.200445
2001,0.00401,-13.6302,0.200445
2002,0.00402,-13.6302,0.200445
2003,0.00403,-13.6302,0.200445
2004,0.00404,-13.6469,0.200445
2005,0.00405,-13.6469,0.200445
2006,0.00406,-13.6469,0.200445
2007,0.00407,-13.6302,0.200445
2008,0.00408,-13.6302,0.200445
2009,0.00409,-13.6302,0.200445
2010,0.0041,-13.6469,0.200445
2011,0.00411,-13.6469,0.200445
2012,0.00412,-13.6636,0.200445
2013,0.00413,-13.6302,0.200445
2014,0.00414,-13.6302,0.200445
2015,0.00415,-13.6302,0.200445
2016,0.00416,-13.6302,0.200445
2017,0.00417,-13.6302,0.200445
2018,0.00418,-13.6302,0.200445
2019,0.00419,-13.6469,0.200445
2020,0.0042,-13.6302,0.200445
2021,0.00421,-13.6302,0.200445
2022,0.00422,-13.6469,0.200445
2023,0.00423,-13.6469,0.200445
2024,0.00424,-13.6302,0.200445
2025,0.00425,-13.6636,0.200445
2026,0.00426,-13.6469,0.200445
2027,0.00427,-13.6469,0.200445
2028,0.00428,-13.6469,0.200445
2029,0.00429,-13.6469,0.200445
2030,0.0043,-13.6469,0.200445
2031,0.00431,-13.6469,0.200445
2032,0.00432,-13.6469,0.200445
2033,0.00433,-13.6469,0.200445
2034,0.00434,-13.6469,0.200445
2035,0.00435,-13.6469,0.200445
2036,0.00436,-13.6469,0.200445
2037,0.00437,-13.6469,0.200445
2038,0.00438,-13.6469,0.200445
2039,0.00439,-13.6469,0.200445
2040,0.0044,-13.6469,0.200445
2041,0.00441,-13.6469,0.200445
2042,0.00442,-13.6469,0.200445
2043,0.00443,-13.6469,0.200445
2044,0.00444,-13.6469,0.200445
2045,0.00445,-13.6469,0.200445
2046,0.00446,-13.6469,0.200445
2047,0.00447,-13.6469,0.200445
2048,0.00448,-13.6469,0.200445
2049,0.00449,-13.6469,0.200445
2050,0.0045,-13.6469,0.200445
2051,0.00451,-13.6469,0.200445
2052,0.00452,-13.6469,0.200445
2053,0.00453,-13.6469,0.200445
2054,0.00454,-13.6469,0.200445
2055,0.00455,-13.6469,0.200445
2056,0.00456,-13.6469,0.200445
2057,0.00457,-13.6469,0.200445
2058,0.00458,-13.6469,0.200445
2059,0.00459,-13.6469,0.200445
2060,0.0046,-13.6469,0.200445
2061,0.00461,-13.6469,0.200445
2062,0.00462,-13.6469,0.200445
2063,0.00463,-13.6469,0.200445
2064,0.00464,-13.6469,0.200445
2065,0.00465,-13.6469,0.200445
2066,0.00466,-13.6469,0.200445
2067,0.00467,-13.6469,0.200445
2068,0.00468,-13.6469,0.200445
2069,0.00469,-13.6469,0.200445
2070,0.0047,-13.6469,0.200445
2071,0.00471,-13.6469,0.200445
2072,0.00472,-13.6469,0.200445
2073,0.00473,-13.6469,0.183741
2074,0.00474,-13.6469,0.200445
2075,0.00475,-13.6469,0.200445
2076,0.00476,-13.6469,0.200445
2077,0.00477,-13.6469,0.200445
2078,0.00478,-13.6469,0.200445
2079,0.00479,-13.6469,0.200445
2080,0.0048,-13.6469,0.200445
2081,0.00481,-13.6469,0.200445
2082,0.00482,-13.6469,0.200445
2083,0.00483,-13.6469,0.200445
2084,0.00484,-13.6469,0.183741
2085,0.00485,-13.6469,0.200445
2086,0.00486,-13.6469,0.200445
2087,0.00487,-13.6469,0.200445
2088,0.00488,-13.6469,0.200445
2089,0.00489,-13.6469,0.200445
2090,0.0049,-13.6469,0.200445
2091,0.00491,-13.6469,0.200445
2092,0.00492,-13.6469,0.200445
2093,0.00493,-13.6469,0.200445
2094,0.00494,-13.6469,0.200445
2095,0.00495,-13.6469,0.200445
2096,0.00496,-13.6469,0.200445
2097,0.00497,-13.6469,0.200445
2098,0.00498,-13.6469,0.200445
2099,0.00499,-13.6469,0.200445
2100,0.005,-13.6469,0.200445
2101,0.00501,-13.6469,0.200445
2102,0.00502,-13.6469,0.200445
2103,0.00503,-13.6469,0.200445
2104,0.00504,-13.6469,0.200445
2105,0.00505,-13.6469,0.200445
2106,0.00506,-13.6469,0.200445
2107,0.00507,-13.6469,0.183741
2108,0.00508,-13.6469,0.200445
2109,0.00509,-13.6469,0.200445
2110,0.0051,-13.6469,0.200445
2111,0.00511,-13.6469,0.200445
2112,0.00512,-13.6469,0.200445
2113,0.00513,-13.6469,0.200445
2114,0.00514,-13.6469,0.200445
2115,0.00515,-13.6469,0.200445
2116,0.00516,-13.6469,0.200445
2117,0.00517,-13.6469,0.200445
2118,0.00518,-13.6469,0.200445
2119,0.00519,-13.6469,0.200445
2120,0.0052,-13.6469,0.200445
2121,0.00521,-13.6469,0.200445
2122,0.00522,-13.6469,0.200445
2123,0.00523,-13.6469,0.200445
2124,0.00524,-13.6469,0.200445
2125,0.00525,-13.6469,0.200445
2126,0.00526,-13.6469,0.200445
2127,0.00527,-13.6469,0.200445
2128,0.00528,-13.6469,0.200445
2129,0.00529,-13.6469,0.200445
2130,0.0053,-13.6469,0.200445
2131,0.00531,-13.6469,0.200445
2132,0.00532,-13.6469,0.200445
2133,0.00533,-13.6469,0.200445
2134,0.00534,-13.6469,0.200445
2135,0.00535,-13.6469,0.200445
2136,0.00536,-13.6469,0.200445
2137,0.00537,-13.6469,0.200445
2138,0.00538,-13.6469,0.200445
2139,0.00539,-13.6469,0.200445
2140,0.0054,-13.6469,0.200445
2141,0.00541,-13.6469,0.200445
2142,0.00542,-13.6469,0.200445
2143,0.00543,-13.6469,0.200445
2144,0.00544,-13.6469,0.200445
2145,0.00545,-13.6469,0.200445
2146,0.00546,-13.6469,0.200445
2147,0.00547,-13.6469,0.200445
2148,0.00548,-13.6469,0.200445
2149,0.00549,-13.6469,0.200445
2150,0.0055,-13.6469,0.200445
2151,0.00551,-13.6469,0.200445
2152,0.00552,-13.6469,0.200445
2153,0.00553,-13.6469,0.200445
2154,0.00554,-13.6469,0.200445
2155,0.00555,-13.6469,0.200445
2156,0.00556,-13.6469,0.200445
2157,0.00557,-13.6469,0.200445
2158,0.00558,-13.6469,0.200445
2159,0.00559,-13.6469,0.200445
2160,0.0056,-13.6469,0.200445
2161,0.00561,-13.6469,0.200445
2162,0.00562,-13.6469,0.200445
2163,0.00563,-13.6469,0.200445
2164,0.00564,-13.6469,0.200445
2165,0.00565,-13.6469,0.200445
2166,0.00566,-13.6469,0.200445
2167,0.00567,-13.6469,0.200445
2168,0.00568,-13.6469,0.200445
2169,0.00569,-13.6469,0.200445
2170,0.0057,-13.6469,0.183741
2171,0.00571,-13.6469,0.200445
2172,0.00572,-13.6469,0.200445
2173,0.00573,-13.6469,0.200445
2174,0.00574,-13.6469,0.200445
2175,0.00575,-13.6469,0.200445
2176,0.00576,-13.6469,0.200445
2177,0.00577,-13.6469,0.200445
2178,0.00578,-13.6469,0.200445
2179,0.00579,-13.6469,0.200445
2180,0.0058,-13.6469,0.200445
2181,0.00581,-13.6469,0.200445
2182,0.00582,-13.6469,0.183741
2183,0.00583,-13.6469,0.233852
2184,0.00584,-13.6469,0.200445
2185,0.00585,-13.6469,0.233852
2186,0.00586,-13.6469,0.233852
2187,0.00587,-13.6469,0.233852
2188,0.00588,-13.6469,0.183741
2189,0.00589,-13.6469,0.200445
2190,0.0059,-13.6469,0.200445
2191,0.00591,-13.6469,0.200445
2192,0.00592,-13.6469,0.200445
2193,0.00593,-13.6469,0.200445
2194,0.00594,-13.6469,0.200445
2195,0.00595,-13.6469,0.200445
2196,0.00596,-13.6469,0.200445
2197,0.00597,-13.6469,0.200445
2198,0.00598,-13.6469,0.200445
2199,0.00599,-13.6469,0.200445
2200,0.006,-13.6469,0.200445
2201,0.00601,-13.6469,0.200445
2202,0.00602,-13.6469,0.200445
2203,0.00603,-13.6469,0.200445
2204,0.00604,-13.6469,0.200445
2205,0.00605,-13.6469,0.200445
2206,0.00606,-13.6469,0.200445
2207,0.00607,-13.6469,0.200445
2208,0.00608,-13.6469,0.200445
2209,0.00609,-13.6469,0.200445
2210,0.0061,-13.6469,0.200445
2211,0.00611,-13.6469,0.200445
2212,0.00612,-13.6469,0.200445
2213,0.00613,-13.6469,0.200445
2214,0.00614,-13.6469,0.200445
2215,0.00615,-13.6469,0.200445
2216,0.00616,-13.6469,0.200445
2217,0.00617,-13.6469,0.200445
2218,0.00618,-13.6469,0.200445
2219,0.00619,-13.6469,0.200445
2220,0.0062,-13.6469,0.200445
2221,0.00621,-13.6469,0.200445
2222,0.00622,-13.6469,0.200445
2223,0.00623,-13.6636,0.200445
2224,0.00624,-13.6636,0.200445
2225,0.00625,-13.6469,0.200445
2226,0.00626,-13.6803,0.200445
2227,0.00627,-13.6469,0.200445
2228,0.00628,-13.6636,0.200445
2229,0.00629,-13.6636,0.200445
2230,0.0063,-13.6469,0.200445
2231,0.00631,-13.6469,0.200445
2232,0.00632,-13.6803,0.200445
2233,0.00633,-13.6469,0.200445
2234,0.00634,-13.6636,0.200445
2235,0.00635,-13.6469,0.200445
2236,0.00636,-13.6469,0.200445
2237,0.00637,-13.6803,0.200445
2238,0.00638,-13.6636,0.200445
2239,0.00639,-13.6636,0.200445
2240,0.0064,-13.6803,0.200445
2241,0.00641,-13.6302,0.200445
2242,0.00642,-13.6803,0.200445
2243,0.00643,-13.6803,0.200445
2244,0.00644,-13.6469,0.200445
2245,0.00645,-13.6469,0.200445
2246,0.00646,-13.6636,0.200445
2247,0.00647,-13.6636,0.200445
2248,0.00648,-13.6636,0.200445
2249,0.00649,-13.6636,0.200445
2250,0.0065,-13.6636,0.200445
2251,0.00651,-13.6636,0.200445
2252,0.00652,-13.6803,0.200445
2253,0.00653,-13.6302,0.200445
2254,0.00654,-13.6803,0.200445
2255,0.00655,-13.6302,0.200445
2256,0.00656,-13.6803,0.200445
2257,0.00657,-13.6636,0.200445
2258,0.00658,-13.6636,0.200445
2259,0.00659,-13.6636,0.200445
2260,0.0066,-13.6636,0.200445
2261,0.00661,-13.6636,0.200445
2262,0.00662,-13.6636,0.200445
2263,0.00663,-13.6636,0.200445
2264,0.00664,-13.6636,0.200445
2265,0.00665,-13.6636,0.200445
2266,0.00666,-13.6636,0.200445
2267,0.00667,-13.6636,0.200445
2268,0.00668,-13.6469,0.200445
2269,0.00669,-13.6803,0.200445
2270,0.0067,-13.6636,0.200445
2271,0.00671,-13.6803,0.200445
2272,0.00672,-13.6469,0.200445
2273,0.00673,-13.6636,0.200445
2274,0.00674,-13.6636,0.200445
2275,0.00675,-13.6636,0.200445
2276,0.00676,-13.6636,0.200445
2277,0.00677,-13.6636,0.200445
2278,0.00678,-13.6636,0.200445
2279,0.00679,-13.6636,0.200445
2280,0.0068,-13.6636,0.200445
2281,0.00681,-13.6469,0.200445
2282,0.00682,-13.6803,0.200445
2283,0.00683,-13.6636,0.200445
2284,0.00684,-13.6636,0.200445
2285,0.00685,-13.6636,0.200445
2286,0.00686,-13.6636,0.200445
2287,0.00687,-13.6636,0.200445
2288,0.00688,-13.6636,0.200445
2289,0.00689,-13.6636,0.200445
2290,0.0069,-13.6636,0.200445
2291,0.00691,-13.6636,0.200445
2292,0.00692,-13.6636,0.200445
2293,0.00693,-13.6636,0.233852
2294,0.00694,-13.6636,0.183741
2295,0.00695,-13.6636,0.200445
2296,0.00696,-13.6636,0.200445
2297,0.00697,-13.6636,0.200445
2298,0.00698,-13.6636,0.200445
2299,0.00699,-13.6636,0.200445
2300,0.007,-13.6636,0.200445
2301,0.00701,-13.6636,0.200445
2302,0.00702,-13.6636,0.200445
2303,0.00703,-13.6636,0.200445
2304,0.00704,-13.6636,0.200445
2305,0.00705,-13.6636,0.200445
2306,0.00706,-13.6636,0.200445
2307,0.00707,-13.6636,0.183741
2308,0.00708,-13.6636,0.200445
2309,0.00709,-13.6636,0.200445
2310,0.0071,-13.6636,0.200445
2311,0.00711,-13.6636,0.200445
2312,0.00712,-13.6636,0.200445
2313,0.00713,-13.6636,0.200445
2314,0.00714,-13.6636,0.200445
2315,0.00715,-13.6636,0.200445
2316,0.00716,-13.6636,0.200445
2317,0.00717,-13.6636,0.200445
2318,0.00718,-13.6636,0.200445
2319,0.00719,-13.6636,0.200445
2320,0.0072,-13.6636,0.200445
2321,0.00721,-13.6636,0.200445
2322,0.00722,-13.6636,0.200445
2323,0.00723,-13.6636,0.200445
2324,0.00724,-13.6636,0.200445
2325,0.00725,-13.6636,0.200445
2326,0.00726,-13.6636,0.200445
2327,0.00727,-13.6636,0.200445
2328,0.00728,-13.6636,0.200445
2329,0.00729,-13.6636,0.200445
2330,0.0073,-13.6636,0.200445
2331,0.00731,-13.6636,0.200445
2332,0.00732,-13.6636,0.200445
2333,0.00733,-13.6636,0.200445
2334,0.00734,-13.6636,0.200445
2335,0.00735,-13.6636,0.200445
2336,0.00736,-13.6636,0.200445
2337,0.00737,-13.6636,0.200445
2338,0.00738,-13.6636,0.200445
2339,0.00739,-13.6636,0.200445
2340,0.0074,-13.6636,0.200445
2341,0.00741,-13.6636,0.200445
2342,0.00742,-13.6636,0.200445
2343,0.00743,-13.6636,0.200445
2344,0.00744,-13.6636,0.200445
2345,0.00745,-13.6636,0.200445
2346,0.00746,-13.6636,0.200445
2347,0.00747,-13.6636,0.200445
2348,0.00748,-13.6636,0.200445
2349,0.00749,-13.6636,0.200445
2350,0.0075,-13.6636,0.200445
2351,0.00751,-13.6636,0.200445
2352,0.00752,-13.6636,0.200445
2353,0.00753,-13.6636,0.200445
2354,0.00754,-13.6636,0.200445
2355,0.00755,-13.6636,0.200445
2356,0.00756,-13.6636,0.200445
2357,0.00757,-13.6636,0.200445
2358,0.00758,-13.6636,0.200445
2359,0.00759,-13.6636,0.200445
2360,0.0076,-13.6636,0.200445
2361,0.00761,-13.6636,0.200445
2362,0.00762,-13.6636,0.200445
2363,0.00763,-13.6636,0.200445
2364,0.00764,-13.6636,0.200445
2365,0.00765,-13.6636,0.200445
2366,0.00766,-13.6636,0.200445
2367,0.00767,-13.6636,0.200445
2368,0.00768,-13.6636,0.200445
2369,0.00769,-13.6636,0.200445
2370,0.0077,-13.6636,0.200445
2371,0.00771,-13.6636,0.200445
2372,0.00772,-13.6636,0.200445
2373,0.00773,-13.6636,0.200445
2374,0.00774,-13.6636,0.200445
2375,0.00775,-13.6636,0.200445
2376,0.00776,-13.6636,0.200445
2377,0.00777,-13.6636,0.200445
2378,0.00778,-13.6636,0.200445
2379,0.00779,-13.6636,0.200445
2380,0.0078,-13.6636,0.200445
2381,0.00781,-13.6636,0.200445
2382,0.00782,-13.6636,0.200445
2383,0.00783,-13.6636,0.200445
2384,0.00784,-13.6636,0.200445
2385,0.00785,-13.6636,0.200445
2386,0.00786,-13.6636,0.200445
2387,0.00787,-13.6636,0.200445
2388,0.00788,-13.6636,0.200445
2389,0.00789,-13.6636,0.200445
2390,0.0079,-13.6636,0.200445
2391,0.00791,-13.6469,0.200445
2392,0.00792,-13.6636,0.200445
2393,0.00793,-13.6636,0.200445
2394,0.00794,-13.6469,0.200445
2395,0.00795,-13.6469,0.200445
2396,0.00796,-13.6803,0.200445
2397,0.00797,-13.6636,0.200445
2398,0.00798,-13.6803,0.200445
2399,0.00799,-13.6302,0.183741
2400,0.008,-13.6803,0.233852
2401,0.00801,-13.6636,0.183741
2402,0.00802,-13.6636,0.200445
2403,0.00803,-13.6636,0.200445
2404,0.00804,-13.6636,0.200445
2405,0.00805,-13.6636,0.200445
2406,0.00806,-13.6636,0.200445
2407,0.00807,-13.6636,0.200445
2408,0.00808,-13.6636,0.200445
2409,0.00809,-13.6636,0.200445
2410,0.0081,-13.6636,0.200445
2411,0.00811,-13.6636,0.200445
2412,0.00812,-13.6636,0.200445
2413,0.00813,-13.6636,0.200445
2414,0.00814,-13.6636,0.200445
2415,0.00815,-13.6636,0.200445
2416,0.00816,-13.6636,0.200445
2417,0.00817,-13.6636,0.200445
2418,0.00818,-13.6636,0.200445
2419,0.00819,-13.6636,0.200445
2420,0.0082,-13.6636,0.200445
2421,0.00821,-13.6636,0.183741
2422,0.00822,-13.6636,0.233852
2423,0.00823,-13.6636,0.200445
2424,0.00824,-13.6636,0.200445
2425,0.00825,-13.6636,0.200445
2426,0.00826,-13.6636,0.200445
2427,0.00827,-13.6636,0.200445
2428,0.00828,-13.6636,0.200445
2429,0.00829,-13.6636,0.200445
2430,0.0083,-13.6636,0.183741
2431,0.00831,-13.6636,0.200445
2432,0.00832,-13.6636,0.200445
2433,0.00833,-13.6636,0.200445
2434,0.00834,-13.6636,0.200445
2435,0.00835,-13.6636,0.200445
2436,0.00836,-13.6636,0.200445
2437,0.00837,-13.6636,0.200445
2438,0.00838,-13.6636,0.233852
2439,0.00839,-13.6636,0.183741
2440,0.0084,-13.6636,0.200445
2441,0.00841,-13.6636,0.200445
2442,0.00842,-13.6636,0.200445
2443,0.00843,-13.6636,0.200445
2444,0.00844,-13.6636,0.200445
2445,0.00845,-13.6636,0.200445
2446,0.00846,-13.6636,0.200445
2447,0.00847,-13.6636,0.200445
2448,0.00848,-13.6636,0.200445
2449,0.00849,-13.6636,0.200445
2450,0.0085,-13.6636,0.200445
2451,0.00851,-13.6636,0.200445
2452,0.00852,-13.6636,0.200445
2453,0.00853,-13.6636,0.183741
2454,0.00854,-13.6636,0.200445
2455,0.00855,-13.6636,0.200445
2456,0.00856,-13.6636,0.200445
2457,0.00857,-13.6636,0.200445
2458,0.00858,-13.6636,0.200445
2459,0.00859,-13.6636,0.200445
2460,0.0086,-13.6636,0.200445
2461,0.00861,-13.6636,0.200445
2462,0.00862,-13.6636,0.200445
2463,0.00863,-13.6636,0.200445
2464,0.00864,-13.6636,0.200445
2465,0.00865,-13.6636,0.200445
2466,0.00866,-13.6636,0.200445
2467,0.00867,-13.6636,0.183741
2468,0.00868,-13.6636,0.200445
2469,0.00869,-13.6636,0.200445
2470,0.0087,-13.6636,0.200445
2471,0.00871,-13.6636,0.200445
2472,0.00872,-13.6636,0.200445
2473,0.00873,-13.6636,0.200445
2474,0.00874,-13.6636,0.200445
2475,0.00875,-13.6636,0.200445
2476,0.00876,-13.6636,0.200445
2477,0.00877,-13.6636,0.200445
2478,0.00878,-13.6636,0.200445
2479,0.00879,-13.6636,0.200445
2480,0.0088,-13.6636,0.200445
2481,0.00881,-13.6636,0.200445
2482,0.00882,-13.6636,0.200445
2483,0.00883,-13.6636,0.200445
2484,0.00884,-13.6636,0.200445
2485,0.00885,-13.6636,0.200445
2486,0.00886,-13.6636,0.200445
2487,0.00887,-13.6636,0.200445
2488,0.00888,-13.6636,0.200445
2489,0.00889,-13.6636,0.200445
2490,0.0089,-13.6636,0.200445
2491,0.00891,-13.6636,0.200445
2492,0.00892,-13.6636,0.200445
2493,0.00893,-13.6636,0.183741
2494,0.00894,-13.6636,0.200445
2495,0.00895,-13.6636,0.200445
2496,0.00896,-13.6636,0.200445
2497,0.00897,-13.6636,0.200445
2498,0.00898,-13.6636,0.200445
2499,0.00899,-13.6636,0.200445
2500,0.009,-13.6636,0.183741
2501,0.00901,-13.6636,0.233852
2502,0.00902,-13.6636,0.200445
2503,0.00903,-13.6636,0.200445
2504,0.00904,-13.6636,0.200445
2505,0.00905,-13.6636,0.200445
2506,0.00906,-13.6636,0.200445
2507,0.00907,-13.6636,0.200445
2508,0.00908,-13.6636,0.233852
2509,0.00909,-13.6636,0.183741
2510,0.0091,-13.6636,0.200445
2511,0.00911,-13.6636,0.200445
2512,0.00912,-13.6636,0.200445
2513,0.00913,-13.6636,0.200445
2514,0.00914,-13.6636,0.200445
2515,0.00915,-13.6636,0.200445
2516,0.00916,-13.6636,0.200445
2517,0.00917,-13.6636,0.200445
2518,0.00918,-13.6636,0.200445
2519,0.00919,-13.6636,0.200445
2520,0.0092,-13.6636,0.200445
2521,0.00921,-13.6636,0.200445
2522,0.00922,-13.6636,0.200445
2523,0.00923,-13.6636,0.200445
2524,0.00924,-13.6636,0.200445
2525,0.00925,-13.6636,0.183741
2526,0.00926,-13.6636,0.200445
2527,0.00927,-13.6636,0.200445
2528,0.00928,-13.6636,0.200445
2529,0.00929,-13.6636,0.200445
2530,0.0093,-13.6636,0.200445
2531,0.00931,-13.6636,0.200445
2532,0.00932,-13.6636,0.200445
2533,0.00933,-13.6636,0.200445
2534,0.00934,-13.6636,0.200445
2535,0.00935,-13.6636,0.183741
2536,0.00936,-13.6636,0.233852
2537,0.00937,-13.6636,0.183741
2538,0.00938,-13.6636,0.200445
2539,0.00939,-13.6636,0.200445
2540,0.0094,-13.6636,0.200445
2541,0.00941,-13.6636,0.200445
2542,0.00942,-13.6803,0.200445
2543,0.00943,-13.6636,0.200445
2544,0.00944,-13.6636,0.200445
2545,0.00945,-13.6636,0.200445
2546,0.00946,-13.6636,0.200445
2547,0.00947,-13.6636,0.183741
2548,0.00948,-13.6636,0.200445
2549,0.00949,-13.6636,0.200445
2550,0.0095,-13.6636,0.200445
2551,0.00951,-13.6636,0.200445
2552,0.00952,-13.6636,0.200445
2553,0.00953,-13.6636,0.200445
2554,0.00954,-13.6636,0.200445
2555,0.00955,-13.6803,0.200445
2556,0.00956,-13.6803,0.200445
2557,0.00957,-13.6636,0.200445
2558,0.00958,-13.6636,0.200445
2559,0.00959,-13.6636,0.200445
2560,0.0096,-13.6636,0.200445
2561,0.00961,-13.6636,0.200445
2562,0.00962,-13.6636,0.200445
2563,0.00963,-13.6636,0.200445
2564,0.00964,-13.6636,0.200445
2565,0.00965,-13.6636,0.200445
2566,0.00966,-13.6636,0.200445
2567,0.00967,-13.6636,0.200445
2568,0.00968,-13.6636,0.200445
2569,0.00969,-13.6636,0.200445
2570,0.0097,-13.6636,0.200445
2571,0.00971,-13.6636,0.200445
2572,0.00972,-13.6636,0.200445
2573,0.00973,-13.6636,0.233852
2574,0.00974,-13.6636,0.183741
2575,0.00975,-13.6636,0.200445
2576,0.00976,-13.6636,0.183741
2577,0.00977,-13.6636,0.200445
2578,0.00978,-13.6636,0.200445
2579,0.00979,-13.6636,0.200445
2580,0.0098,-13.6636,0.200445
2581,0.00981,-13.6636,0.200445
2582,0.00982,-13.6636,0.200445
2583,0.00983,-13.6636,0.183741
2584,0.00984,-13.6803,0.233852
2585,0.00985,-13.6636,0.183741
2586,0.00986,-13.6636,0.200445
2587,0.00987,-13.6636,0.200445
2588,0.00988,-13.6636,0.200445
2589,0.00989,-13.6636,0.200445
2590,0.0099,-13.6636,0.200445
2591,0.00991,-13.6636,0.200445
2592,0.00992,-13.6636,0.200445
2593,0.00993,-13.6636,0.200445
2594,0.00994,-13.6636,0.200445
2595,0.00995,-13.6636,0.200445
2596,0.00996,-13.6636,0.200445
2597,0.00997,-13.6636,0.200445
2598,0.00998,-13.6636,0.200445
2599,0.00999,-13.6636,0.200445
2600,0.01,-13.6803,0.200445
2601,0.01001,-13.6636,0.200445
2602,0.01002,-13.6636,0.200445
2603,0.01003,-13.6636,0.200445
2604,0.01004,-13.6803,0.200445
2605,0.01005,-13.6636,0.200445
2606,0.01006,-13.6636,0.200445
2607,0.01007,-13.6636,0.200445
2608,0.01008,-13.6636,0.200445
2609,0.01009,-13.6636,0.200445
2610,0.0101,-13.6636,0.200445
2611,0.01011,-13.6803,0.200445
2612,0.01012,-13.6803,0.200445
2613,0.01013,-13.6636,0.200445
2614,0.01014,-13.6636,0.200445
2615,0.01015,-13.6636,0.200445
2616,0.01016,-13.6803,0.200445
2617,0.01017,-13.6803,0.200445
2618,0.01018,-13.6636,0.200445
2619,0.01019,-13.6636,0.200445
2620,0.0102,-13.6803,0.200445
2621,0.01021,-13.6636,0.200445
2622,0.01022,-13.6636,0.200445
2623,0.01023,-13.6636,0.183741
2624,0.01024,-13.6636,0.233852
2625,0.01025,-13.6636,0.233852
2626,0.01026,-13.6636,0.200445
2627,0.01027,-13.6971,0.200445
2628,0.01028,-13.6636,0.183741
2629,0.01029,-13.6803,0.233852
2630,0.0103,-13.6636,0.183741
2631,0.01031,-13.6803,0.200445
2632,0.01032,-13.6803,0.200445
2633,0.01033,-13.6803,0.200445
2634,0.01034,-13.6971,0.200445
2635,0.01035,-13.6469,0.200445
2636,0.01036,-13.6803,0.200445
2637,0.01037,-13.6803,0.200445
2638,0.01038,-13.6636,0.200445
2639,0.01039,-13.6636,0.200445
2640,0.0104,-13.6636,0.200445
2641,0.01041,-13.6803,0.200445
2642,0.01042,-13.6803,0.200445
2643,0.01043,-13.6971,0.200445
2644,0.01044,-13.6636,0.200445
2645,0.01045,-13.6803,0.183741
2646,0.01046,-13.6803,0.200445
2647,0.01047,-13.6803,0.200445
2648,0.01048,-13.6803,0.200445
2649,0.01049,-13.6803,0.200445
2650,0.0105,-13.6803,0.200445
2651,0.01051,-13.6803,0.200445
2652,0.01052,-13.6803,0.200445
2653,0.01053,-13.6803,0.200445
2654,0.01054,-13.6803,0.200445
2655,0.01055,-13.6803,0.200445
2656,0.01056,-13.6803,0.200445
2657,0.01057,-13.6803,0.200445
2658,0.01058,-13.6803,0.200445
2659,0.01059,-13.6971,0.200445
2660,0.0106,-13.6636,0.200445
2661,0.01061,-13.6636,0.200445
2662,0.01062,-13.6971,0.200445
2663,0.01063,-13.6803,0.200445
2664,0.01064,-13.6803,0.200445
2665,0.01065,-13.6803,0.200445
2666,0.01066,-13.6803,0.200445
2667,0.01067,-13.6803,0.200445
2668,0.01068,-13.6803,0.200445
2669,0.01069,-13.6971,0.200445
2670,0.0107,-13.6636,0.200445
2671,0.01071,-13.6636,0.200445
2672,0.01072,-13.6636,0.200445
2673,0.01073,-13.6803,0.200445
2674,0.01074,-13.6803,0.200445
2675,0.01075,-13.6971,0.200445
2676,0.01076,-13.6636,0.200445
2677,0.01077,-13.6803,0.200445
2678,0.01078,-13.6971,0.200445
2679,0.01079,-13.6636,0.200445
2680,0.0108,-13.6803,0.200445
2681,0.01081,-13.6469,0.200445
2682,0.01082,-13.6971,0.200445
2683,0.01083,-13.6971,0.200445
2684,0.01084,-13.6469,0.183741
2685,0.01085,-13.6971,0.200445
2686,0.01086,-13.6803,0.200445
2687,0.01087,-13.6803,0.200445
2688,0.01088,-13.6971,0.200445
2689,0.01089,-13.6636,0.200445
2690,0.0109,-13.6803,0.200445
2691,0.01091,-13.6803,0.200445
2692,0.01092,-13.6971,0.200445
2693,0.01093,-13.6803,0.200445
2694,0.01094,-13.6636,0.200445
2695,0.01095,-13.6803,0.200445
2696,0.01096,-13.6636,0.200445
2697,0.01097,-13.6971,0.200445
2698,0.01098,-13.6803,0.200445
2699,0.01099,-13.6971,0.200445
2700,0.011,-13.6803,0.200445
2701,0.01101,-13.6469,0.200445
2702,0.01102,-13.6803,0.200445
2703,0.01103,-13.6803,0.200445
2704,0.01104,-13.6803,0.200445
2705,0.01105,-13.6971,0.200445
2706,0.01106,-13.6636,0.200445
2707,0.01107,-13.6803,0.200445
2708,0.01108,-13.6803,0.200445
2709,0.01109,-13.6803,0.200445
2710,0.0111,-13.6803,0.200445
2711,0.01111,-13.6803,0.200445
2712,0.01112,-13.6803,0.200445
2713,0.01113,-13.6803,0.183741
2714,0.01114,-13.6803,0.200445
2715,0.01115,-13.6803,0.200445
2716,0.01116,-13.6803,0.200445
2717,0.01117,-13.6803,0.200445
2718,0.01118,-13.6803,0.200445
2719,0.01119,-13.6803,0.200445
2720,0.0112,-13.6803,0.200445
2721,0.01121,-13.6971,0.200445
2722,0.01122,-13.6469,0.200445
2723,0.01123,-13.6971,0.200445
2724,0.01124,-13.6803,0.200445
2725,0.01125,-13.6803,0.200445
2726,0.01126,-13.6803,0.200445
2727,0.01127,-13.6803,0.200445
2728,0.01128,-13.6803,0.200445
2729,0.01129,-13.6803,0.200445
2730,0.0113,-13.6803,0.200445
2731,0.01131,-13.6803,0.200445
2732,0.01132,-13.6803,0.200445
2733,0.01133,-13.6803,0.200445
2734,0.01134,-13.6803,0.200445
2735,0.01135,-13.6803,0.200445
2736,0.01136,-13.6803,0.200445
2737,0.01137,-13.6803,0.200445
2738,0.01138,-13.6803,0.200445
2739,0.01139,-13.6803,0.200445
2740,0.0114,-13.6636,0.200445
2741,0.01141,-13.6971,0.200445
2742,0.01142,-13.6803,0.200445
2743,0.01143,-13.6803,0.200445
2744,0.01144,-13.6803,0.200445
2745,0.01145,-13.6803,0.200445
2746,0.01146,-13.6803,0.200445
2747,0.01147,-13.6803,0.200445
2748,0.01148,-13.6803,0.200445
2749,0.01149,-13.6803,0.200445
2750,0.0115,-13.6803,0.200445
2751,0.01151,-13.6803,0.200445
2752,0.01152,-13.6971,0.200445
2753,0.01153,-13.6636,0.200445
2754,0.01154,-13.6803,0.200445
2755,0.01155,-13.6803,0.200445
2756,0.01156,-13.6803,0.200445
2757,0.01157,-13.6803,0.200445
2758,0.01158,-13.6803,0.200445
2759,0.01159,-13.6803,0.200445
2760,0.0116,-13.6803,0.200445
2761,0.01161,-13.6803,0.183741
2762,0.01162,-13.6803,0.233852
2763,0.01163,-13.6803,0.183741
2764,0.01164,-13.6803,0.200445
2765,0.01165,-13.6803,0.200445
2766,0.01166,-13.6803,0.200445
2767,0.01167,-13.6803,0.200445
2768,0.01168,-13.6803,0.200445
2769,0.01169,-13.6803,0.183741
2770,0.0117,-13.6803,0.233852
2771,0.01171,-13.6803,0.183741
2772,0.01172,-13.6803,0.200445
2773,0.01173,-13.6803,0.200445
2774,0.01174,-13.6803,0.200445
2775,0.01175,-13.6803,0.183741
2776,0.01176,-13.6803,0.233852
2777,0.01177,-13.6803,0.200445
2778,0.01178,-13.6803,0.200445
2779,0.01179,-13.6803,0.200445
2780,0.0118,-13.6803,0.200445
2781,0.01181,-13.6803,0.200445
2782,0.01182,-13.6803,0.233852
2783,0.01183,-13.6803,0.183741
2784,0.01184,-13.6803,0.200445
2785,0.01185,-13.6803,0.200445
2786,0.01186,-13.6803,0.200445
2787,0.01187,-13.6803,0.200445
2788,0.01188,-13.6803,0.200445
2789,0.01189,-13.6803,0.200445
2790,0.0119,-13.6803,0.200445
2791,0.01191,-13.6803,0.200445
2792,0.01192,-13.6803,0.200445
2793,0.01193,-13.6803,0.200445
2794,0.01194,-13.6803,0.200445
2795,0.01195,-13.6803,0.200445
2796,0.01196,-13.6803,0.200445
2797,0.01197,-13.6803,0.200445
2798,0.01198,-13.6803,0.200445
2799,0.01199,-13.6803,0.200445
2800,0.012,-13.6803,0.200445
2801,0.01201,-13.6803,0.200445
2802,0.01202,-13.6803,0.200445
2803,0.01203,-13.6803,0.233852
2804,0.01204,-13.6803,0.200445
2805,0.01205,-13.6803,0.183741
2806,0.01206,-13.6803,0.200445
2807,0.01207,-13.6803,0.200445
2808,0.01208,-13.6803,0.200445
2809,0.01209,-13.6803,0.200445
2810,0.0121,-13.6803,0.200445
2811,0.01211,-13.6803,0.200445
2812,0.01212,-13.6803,0.200445
2813,0.01213,-13.6803,0.200445
2814,0.01214,-13.6803,0.200445
2815,0.01215,-13.6803,0.200445
2816,0.01216,-13.6803,0.200445
2817,0.01217,-13.6803,0.200445
2818,0.01218,-13.6803,0.200445
2819,0.01219,-13.6803,0.200445
2820,0.0122,-13.6803,0.200445
2821,0.01221,-13.6803,0.200445
2822,0.01222,-13.6971,0.200445
2823,0.01223,-13.6971,0.200445
2824,0.01224,-13.6803,0.200445
2825,0.01225,-13.6803,0.200445
2826,0.01226,-13.6803,0.200445
2827,0.01227,-13.6803,0.200445
2828,0.01228,-13.6803,0.200445
2829,0.01229,-13.6803,0.200445
2830,0.0123,-13.6803,0.200445
2831,0.01231,-13.6803,0.200445
2832,0.01232,-13.6803,0.200445
2833,0.01233,-13.6803,0.200445
2834,0.01234,-13.6803,0.200445
2835,0.01235,-13.6803,0.200445
2836,0.01236,-13.6803,0.200445
2837,0.01237,-13.6803,0.200445
2838,0.01238,-13.6803,0.200445
2839,0.01239,-13.6803,0.200445
2840,0.0124,-13.6803,0.200445
2841,0.01241,-13.6803,0.200445
2842,0.01242,-13.6803,0.200445
2843,0.01243,-13.6803,0.200445
2844,0.01244,-13.6803,0.200445
2845,0.01245,-13.6803,0.200445
2846,0.01246,-13.6803,0.200445
2847,0.01247,-13.6803,0.200445
2848,0.01248,-13.6803,0.200445
2849,0.01249,-13.6803,0.200445
2850,0.0125,-13.6803,0.200445
2851,0.01251,-13.6803,0.200445
2852,0.01252,-13.6803,0.200445
2853,0.01253,-13.6803,0.200445
2854,0.01254,-13.6803,0.200445
2855,0.01255,-13.6803,0.200445
2856,0.01256,-13.6803,0.200445
2857,0.01257,-13.6803,0.200445
2858,0.01258,-13.6803,0.183741
2859,0.01259,-13.6803,0.200445
2860,0.0126,-13.6803,0.200445
2861,0.01261,-13.6803,0.200445
2862,0.01262,-13.6803,0.200445
2863,0.01263,-13.6803,0.200445
2864,0.01264,-13.6803,0.200445
2865,0.01265,-13.6803,0.200445
2866,0.01266,-13.6803,0.200445
2867,0.01267,-13.6803,0.200445
2868,0.01268,-13.6803,0.200445
2869,0.01269,-13.6803,0.200445
2870,0.0127,-13.6803,0.183741
2871,0.01271,-13.6803,0.200445
2872,0.01272,-13.6803,0.200445
2873,0.01273,-13.6803,0.200445
2874,0.01274,-13.6803,0.200445
2875,0.01275,-13.6803,0.200445
2876,0.01276,-13.6803,0.200445
2877,0.01277,-13.6803,0.200445
2878,0.01278,-13.6803,0.200445
2879,0.01279,-13.6803,0.200445
2880,0.0128,-13.6803,0.200445
2881,0.01281,-13.6803,0.183741
2882,0.01282,-13.6803,0.200445
2883,0.01283,-13.6803,0.200445
2884,0.01284,-13.6803,0.200445
2885,0.01285,-13.6803,0.200445
2886,0.01286,-13.6803,0.200445
2887,0.01287,-13.6803,0.200445
2888,0.01288,-13.6803,0.200445
2889,0.01289,-13.6803,0.200445
2890,0.0129,-13.6803,0.200445
2891,0.01291,-13.6803,0.200445
2892,0.01292,-13.6803,0.200445
2893,0.01293,-13.6803,0.200445
2894,0.01294,-13.6803,0.200445
2895,0.01295,-13.6803,0.200445
2896,0.01296,-13.6803,0.200445
2897,0.01297,-13.6803,0.200445
2898,0.01298,-13.6803,0.200445
2899,0.01299,-13.6803,0.200445
2900,0.013,-13.6803,0.200445
2901,0.01301,-13.6803,0.200445
2902,0.01302,-13.6803,0.200445
2903,0.01303,-13.6803,0.200445
2904,0.01304,-13.6803,0.200445
2905,0.01305,-13.6803,0.200445
2906,0.01306,-13.6803,0.200445
2907,0.01307,-13.6803,0.200445
2908,0.01308,-13.6803,0.200445
2909,0.01309,-13.6803,0.200445
2910,0.0131,-13.6803,0.200445
2911,0.01311,-13.6803,0.200445
2912,0.01312,-13.6803,0.200445
2913,0.01313,-13.6803,0.200445
2914,0.01314,-13.6803,0.200445
2915,0.01315,-13.6803,0.200445
2916,0.01316,-13.6803,0.200445
2917,0.01317,-13.6803,0.200445
2918,0.01318,-13.6803,0.200445
2919,0.01319,-13.6803,0.200445
2920,0.0132,-13.6803,0.233852
2921,0.01321,-13.6803,0.183741
2922,0.01322,-13.6803,0.233852
2923,0.01323,-13.6803,0.183741
2924,0.01324,-13.6803,0.200445
2925,0.01325,-13.6803,0.200445
2926,0.01326,-13.6803,0.200445
2927,0.01327,-13.6803,0.200445
2928,0.01328,-13.6803,0.200445
2929,0.01329,-13.6803,0.200445
2930,0.0133,-13.6803,0.200445
2931,0.01331,-13.6803,0.200445
2932,0.01332,-13.6803,0.200445
2933,0.01333,-13.6803,0.200445
2934,0.01334,-13.6803,0.200445
2935,0.01335,-13.6803,0.200445
2936,0.01336,-13.6803,0.200445
2937,0.01337,-13.6803,0.200445
2938,0.01338,-13.6971,0.200445
2939,0.01339,-13.6469,0.200445
2940,0.0134,-13.6803,0.200445
2941,0.01341,-13.6636,0.200445
2942,0.01342,-13.6803,0.200445
2943,0.01343,-13.6971,0.200445
2944,0.01344,-13.6636,0.200445
2945,0.01345,-13.6803,0.200445
2946,0.01346,-13.6803,0.200445
2947,0.01347,-13.6803,0.200445
2948,0.01348,-13.6636,0.200445
2949,0.01349,-13.6636,0.200445
2950,0.0135,-13.6636,0.200445
2951,0.01351,-13.6803,0.200445
2952,0.01352,-13.6636,0.200445
2953,0.01353,-13.6636,0.200445
2954,0.01354,-13.6636,0.200445
2955,0.01355,-13.6636,0.200445
2956,0.01356,-13.6636,0.200445
2957,0.01357,-13.6636,0.200445
2958,0.01358,-13.6636,0.200445
2959,0.01359,-13.6636,0.200445
2960,0.0136,-13.6636,0.183741
2961,0.01361,-13.6636,0.200445
2962,0.01362,-13.6636,0.200445
2963,0.01363,-13.6636,0.200445
2964,0.01364,-13.6636,0.200445
2965,0.01365,-13.6636,0.200445
2966,0.01366,-13.6636,0.200445
2967,0.01367,-13.6636,0.200445
2968,0.01368,-13.6636,0.200445
2969,0.01369,-13.6636,0.200445
2970,0.0137,-13.6636,0.200445
2971,0.01371,-13.6636,0.200445
2972,0.01372,-13.6636,0.200445
2973,0.01373,-13.6636,0.200445
2974,0.01374,-13.6636,0.200445
2975,0.01375,-13.6636,0.200445
2976,0.01376,-13.6636,0.200445
2977,0.01377,-13.6636,0.200445
2978,0.01378,-13.6636,0.200445
2979,0.01379,-13.6636,0.200445
2980,0.0138,-13.6636,0.200445
2981,0.01381,-13.6636,0.200445
2982,0.01382,-13.6636,0.200445
2983,0.01383,-13.6636,0.183741
2984,0.01384,-13.6636,0.200445
2985,0.01385,-13.6636,0.200445
2986,0.01386,-13.6636,0.183741
2987,0.01387,-13.6636,0.233852
2988,0.01388,-13.6636,0.183741
2989,0.01389,-13.6636,0.200445
2990,0.0139,-13.6636,0.200445
2991,0.01391,-13.6636,0.183741
2992,0.01392,-13.6636,0.200445
2993,0.01393,-13.6636,0.200445
2994,0.01394,-13.6636,0.200445
2995,0.01395,-13.6636,0.200445
2996,0.01396,-13.6636,0.200445
2997,0.01397,-13.6636,0.200445
2998,0.01398,-13.6636,0.183741
2999,0.01399,-13.6636,0.233852
3000,0.014,-13.6636,0.183741
3001,0.01401,-13.6636,0.200445
3002,0.01402,-13.6636,0.200445
3003,0.01403,-13.6469,0.200445
3004,0.01404,-13.6803,0.200445
3005,0.01405,-13.6636,0.200445
3006,0.01406,-13.6636,0.200445
3007,0.01407,-13.6636,0.200445
3008,0.01408,-13.6636,0.200445
3009,0.01409,-13.6636,0.200445
3010,0.0141,-13.6636,0.200445
3011,0.01411,-13.6636,0.200445
3012,0.01412,-13.6636,0.200445
3013,0.01413,-13.6636,0.200445
3014,0.01414,-13.6636,0.200445
3015,0.01415,-13.6636,0.200445
3016,0.01416,-13.6636,0.200445
3017,0.01417,-13.6636,0.200445
3018,0.01418,-13.6636,0.200445
3019,0.01419,-13.6636,0.200445
3020,0.0142,-13.6636,0.200445
3021,0.01421,-13.6469,0.200445
3022,0.01422,-13.6469,0.200445
3023,0.01423,-13.6469,0.200445
3024,0.01424,-13.6469,0.200445
3025,0.01425,-13.6469,0.200445
3026,0.01426,-13.6469,0.200445
3027,0.01427,-13.6469,0.200445
3028,0.01428,-13.6469,0.200445
3029,0.01429,-13.6469,0.200445
3030,0.0143,-13.6469,0.200445
3031,0.01431,-13.6469,0.200445
3032,0.01432,-13.6469,0.200445
3033,0.01433,-13.6469,0.200445
3034,0.01434,-13.6469,0.200445
3035,0.01435,-13.6469,0.200445
3036,0.01436,-13.6469,0.200445
3037,0.01437,-13.6469,0.183741
3038,0.01438,-13.6469,0.200445
3039,0.01439,-13.6469,0.200445
3040,0.0144,-13.6469,0.200445
3041,0.01441,-13.6469,0.200445
3042,0.01442,-13.6469,0.200445
3043,0.01443,-13.6469,0.200445
3044,0.01444,-13.6469,0.200445
3045,0.01445,-13.6469,0.200445
3046,0.01446,-13.6469,0.200445
3047,0.01447,-13.6469,0.200445
3048,0.01448,-13.6469,0.200445
3049,0.01449,-13.6469,0.200445
3050,0.0145,-13.6469,0.200445
3051,0.01451,-13.6636,0.200445
3052,0.01452,-13.6135,0.200445
3053,0.01453,-13.6636,0.183741
3054,0.01454,-13.6636,0.233852
3055,0.01455,-13.6302,0.183741
3056,0.01456,-13.6469,0.200445
3057,0.01457,-13.6469,0.200445
3058,0.01458,-13.6469,0.200445
3059,0.01459,-13.6302,0.183741
3060,0.0146,-13.6302,0.200445
3061,0.01461,-13.6302,0.200445
3062,0.01462,-13.6302,0.200445
3063,0.01463,-13.6302,0.200445
3064,0.01464,-13.6302,0.200445
3065,0.01465,-13.6302,0.200445
3066,0.01466,-13.6302,0.200445
3067,0.01467,-13.6302,0.200445
3068,0.01468,-13.6302,0.200445
3069,0.01469,-13.6302,0.200445
3070,0.0147,-13.6302,0.200445
3071,0.01471,-13.6302,0.183741
3072,0.01472,-13.6302,0.200445
3073,0.01473,-13.6302,0.200445
3074,0.01474,-13.6302,0.200445
3075,0.01475,-13.6302,0.200445
3076,0.01476,-13.6302,0.200445
3077,0.01477,-13.6302,0.200445
3078,0.01478,-13.6302,0.200445
3079,0.01479,-13.6302,0.200445
3080,0.0148,-13.6302,0.200445
3081,0.01481,-13.6302,0.200445
3082,0.01482,-13.6302,0.200445
3083,0.01483,-13.6302,0.200445
3084,0.01484,-13.6302,0.183741
3085,0.01485,-13.6135,0.200445
3086,0.01486,-13.6135,0.200445
3087,0.01487,-13.6135,0.200445
3088,0.01488,-13.6135,0.200445
3089,0.01489,-13.6135,0.200445
3090,0.0149,-13.6135,0.200445
3091,0.01491,-13.6135,0.200445
3092,0.01492,-13.6135,0.200445
3093,0.01493,-13.6135,0.200445
3094,0.01494,-13.6135,0.200445
3095,0.01495,-13.6135,0.200445
3096,0.01496,-13.6135,0.200445
3097,0.01497,-13.6135,0.200445
3098,0.01498,-13.6135,0.200445
3099,0.01499,-13.6135,0.200445
3100,0.015,-13.6135,0.200445
3101,0.01501,-13.6135,0.200445
3102,0.01502,-13.6135,0.200445
3103,0.01503,-13.6135,0.200445
3104,0.01504,-13.5968,0.200445
3105,0.01505,-13.5968,0.200445
3106,0.01506,-13.5968,0.200445
3107,0.01507,-13.5968,0.183741
3108,0.01508,-13.5968,0.200445
3109,0.01509,-13.5968,0.200445
3110,0.0151,-13.5968,0.200445
3111,0.01511,-13.5968,0.200445
3112,0.01512,-13.5968,0.200445
3113,0.01513,-13.5968,0.200445
3114,0.01514,-13.5968,0.200445
3115,0.01515,-13.5801,0.200445
3116,0.01516,-13.5801,0.200445
3117,0.01517,-13.5801,0.200445
3118,0.01518,-13.5801,0.183741
3119,0.01519,-13.5801,0.200445
3120,0.0152,-13.4131,0.200445
3121,0.01521,-15.0333,0.183741
3122,0.01522,5.32849,0.233852
3123,0.01523,10.9409,0.233852
3124,0.01524,11.2082,0.233852
3125,0.01525,11.1748,0.233852
3126,0.01526,11.1414,0.283963
3127,0.01527,11.1247,-0.334074
3128,0.01528,11.2917,8.03449
3129,0.01529,11.4253,13.6302
3130,0.0153,11.2249,1.65367
3131,0.01531,11.3752,6.11356
3132,0.01532,11.5423,13.363
3133,0.01533,11.4253,4.91089
3134,0.01534,11.4588,2.97326
3135,0.01535,11.6926,13.2126
3136,0.01536,11.6425,7.09908
3137,0.01537,11.5924,1.804
3138,0.01538,11.8596,12.5278
3139,0.01539,11.8429,9.10353
3140,0.0154,11.6926,0.300667
3141,0.01541,11.9933,11.6759
3142,0.01542,12.0267,11.5089
3143,0.01543,11.8429,-0.918705
3144,0.01544,12.1269,10.8407
3145,0.01545,12.1603,12.9788
3146,0.01546,11.9432,-1.18596
3147,0.01547,12.2104,9.8552
3148,0.01548,12.3106,13.7472
3149,0.01549,12.0601,-0.567927
3150,0.0155,12.2772,8.38527
3151,0.01551,12.3942,13.9476
3152,0.01552,12.1937,1.03563
3153,0.01553,12.3273,6.49775
3154,0.01554,12.4777,13.7138
3155,0.01555,12.3106,3.30734
3156,0.01556,12.3608,4.51
3157,0.01557,12.5278,13.2293
3158,0.01558,12.4276,5.86301
3159,0.01559,12.3942,2.47215
3160,0.0156,12.5946,12.6781
3161,0.01561,12.5278,8.43538
3162,0.01562,12.3942,0.701556
3163,0.01563,12.6614,12.0434
3164,0.01564,12.628,10.7238
3165,0.01565,12.4109,-0.618038
3166,0.01566,12.6948,11.2917
3167,0.01567,12.6948,12.4276
3168,0.01568,12.4443,-1.20267
3169,0.01569,12.7115,10.2895
3170,0.0157,12.7616,13.5133
3171,0.01571,12.4944,-0.868594
3172,0.01572,12.7115,8.95319
3173,0.01573,12.8118,13.9142
3174,0.01574,12.5779,0.384186
3175,0.01575,12.7115,7.24941
3176,0.01576,12.8619,13.8641
3177,0.01577,12.628,2.37193
3178,0.01578,12.7115,5.31178
3179,0.01579,12.8786,13.4298
3180,0.0158,12.7115,4.82738
3181,0.01581,12.6948,3.29063
3182,0.01582,12.912,12.8786
3183,0.01583,12.7616,7.48327
3184,0.01584,12.6781,1.31959
3185,0.01585,12.912,12.2772
3186,0.01586,12.8786,9.93871
3187,0.01587,12.6614,-0.217148
3188,0.01588,12.9287,11.5757
3189,0.01589,12.912,11.9098
3190,0.0159,12.6781,-1.08574
3191,0.01591,12.9287,10.657
3192,0.01592,12.5278,13.1124
3193,0.01593,8.91979,-0.451
3194,0.01594,-16.069,0.300667
3195,0.01595,-13.9476,0.100222
3196,0.01596,-14.1313,0.0835186
3197,0.01597,-14.0144,0.13363
3198,0.01598,-13.9142,0.13363
3199,0.01599,-13.8307,0.150333
